code,pub,fy_end,eps,ni,kind,tid,note
9101,2005-08-08 15:00:00,2006-03,73.72,90000.0,tanshin,wbf829587a5b50,
9101,2005-11-15 15:00:00,2006-03,75.37,92000.0,tanshin,wb4276e667015b,noeps
9101,2006-02-09 15:00:00,2006-03,69.64,85000.0,tanshin,wbd142df0581f2,
9101,2006-08-04 15:00:00,2007-03,48.02,59000.0,tanshin,wbf65ca1d68b49,
9101,2006-11-09 15:00:00,2007-03,55.34,68000.0,tanshin,wbaf56ad531f0d,noeps
9101,2007-02-08 15:00:00,2007-03,53.31,65500.0,tanshin,wbb044a630682b,
9101,2007-05-09 15:00:00,2008-03,66.75,82000.0,tanshin,wb02e7e3f04185,
9101,2007-07-26 15:00:00,2008-03,81.41,100000.0,tanshin,wbbc86c700efab,
9101,2008-10-27 15:00:00,2009-03,114.02,140000.0,tanshin,wb8a188c8e927d,
9101,2009-01-30 15:00:00,2009-03,59.45,73000.0,tanshin,wb858ae4b6e3d0,
9101,2009-07-27 15:00:00,2010-03,-4.07,-5000.0,tanshin,wb42721f02e110,
9101,2010-04-27 15:00:00,2011-03,20.61,35000.0,tanshin,wbe3091b24f24e,
9101,2011-07-29 15:00:00,2012-03,2.95,5000.0,revision,wb18b41a65b2c6,
9101,2011-07-29 15:00:00,2012-03,2.95,5000.0,tanshin,wb0cf9f14f0d86,
9101,2011-10-31 15:00:00,2012-03,-10.61,-18000.0,tanshin,wb569230bfa39f,
9101,2012-01-31 15:00:00,2012-03,-15.32,-26000.0,revision,wbfa7ed0a0b78c,
9101,2012-01-31 15:00:00,2012-03,-15.32,-26000.0,tanshin,wbd04c78f3fff7,
9101,2012-04-20 15:00:00,2012-03,-43.02,-73000.0,revision,wbd99fda405613,
9101,2012-04-27 15:00:00,2013-03,13.56,23000.0,tanshin,wbef7e8c21c7bc,
9101,2012-07-31 15:00:00,2013-03,11.79,20000.0,tanshin,wbdaea377886e2,
9101,2012-09-28 15:00:00,,,,revision,wb02513a36336e,notable
9101,2012-10-31 15:00:00,2013-03,0.59,1000.0,tanshin,wbfe79a6a963a6,
9101,2013-01-31 15:00:00,2013-03,3.54,6000.0,tanshin,wb744714f5b898,
9101,2013-01-31 15:00:00,2013-03,3.54,6000.0,revision,wb770e8d7bc088,
9101,2013-04-23 15:00:00,,,,revision,wbcd737316c043,undisclosed
9101,2013-04-30 15:00:00,2014-03,15.92,27000.0,tanshin,wb548b0c29bbaa,
9101,2013-10-31 12:00:00,2014-03,17.69,30000.0,tanshin,140120131023042379,
9101,2013-10-31 12:00:00,,,,revision,140120131030047941,notable
9101,2014-01-31 12:00:00,2014-03,17.69,30000.0,tanshin,140120140127092268,
9101,2014-04-30 12:00:00,2015-03,20.64,35000.0,tanshin,140120140407034337,
9101,2014-07-31 12:00:00,2015-03,20.64,35000.0,tanshin,140120140703008042,
9101,2014-10-31 12:00:00,2015-03,20.64,35000.0,tanshin,140120141030069400,
9101,2014-10-31 12:00:00,,,,revision,140120141031070369,notable
9101,2015-01-30 12:00:00,2015-03,23.58,40000.0,tanshin,140120141222097312,
9101,2015-04-30 12:00:00,2016-03,32.43,55000.0,tanshin,140120150415440435,
9101,2015-07-31 12:00:00,2016-03,32.43,55000.0,tanshin,140120150730464164,
9101,2015-10-30 12:00:00,2016-03,27.71,47000.0,tanshin,140120151028427401,
9101,2016-01-29 12:00:00,2016-03,14.74,25000.0,tanshin,140120160126495876,
9101,2016-04-28 12:00:00,2017-03,8.84,15000.0,tanshin,140120160414457700,
9101,2016-07-29 12:00:00,2017-03,-8.85,-15000.0,tanshin,140120160728460890,
9101,2016-07-29 12:00:00,2017-03,-8.85,-15000.0,revision,140120160728461138,
9101,2016-10-31 12:00:00,2017-03,-144.96,-245000.0,tanshin,140120161028425078,
9101,2017-01-31 12:00:00,2017-03,-144.96,-245000.0,tanshin,140120170130485462,
9101,2017-01-31 12:00:00,2017-03,-144.96,-245000.0,revision,140120170130484482,
9101,2017-04-28 12:00:00,2018-03,2.96,5000.0,tanshin,140120170417443413,
9101,2017-04-28 12:00:00,,,,revision,140120170427453708,notable
9101,2017-07-31 12:00:00,2018-03,29.65,5000.0,tanshin,140120170728442053,
9101,2017-10-31 12:00:00,2018-03,65.22,11000.0,tanshin,140120171030402483,
9101,2017-10-31 12:00:00,2018-03,65.22,11000.0,revision,140120171031404086,
9101,2018-01-31 12:00:00,2018-03,65.22,11000.0,tanshin,140120180130459221,
9101,2018-04-27 12:00:00,2019-03,171.94,29000.0,tanshin,140120180426421387,
9101,2018-04-27 12:00:00,,,,revision,140120180427422760,notable
9101,2018-07-25 18:30:00,2019-03,71.14,12000.0,revision,140120180725485263,
9101,2018-07-31 12:00:00,2019-03,71.14,12000.0,tanshin,140120180730487419,
9101,2018-10-16 15:00:00,2019-03,,,revision,140120181016418312,noeps
9101,2018-10-31 12:00:00,2019-03,-35.57,-6000.0,tanshin,140120181030425303,
9101,2018-10-31 12:00:00,2019-03,-35.57,-6000.0,revision,140120181031426743,
9101,2019-01-31 12:00:00,2019-03,-5.93,-1000.0,tanshin,140120190130466109,
9101,2019-01-31 12:00:00,2019-03,-5.93,-1000.0,revision,140120190131466718,
9101,2019-04-26 08:30:00,2020-03,154.12,26000.0,tanshin,140120190425410678,
9101,2019-04-26 08:30:00,,,,revision,140120190425412020,notable
9101,2019-07-31 12:00:00,2020-03,153.97,26000.0,tanshin,140120190730478842,
9101,2019-10-31 12:00:00,2020-03,154.0,26000.0,tanshin,140120191030415109,
9101,2020-01-31 12:00:00,2020-03,171.77,29000.0,tanshin,140120200130453208,
9101,2020-05-25 12:00:00,2021-03,,,tanshin,140120200522421851,undisclosed
9101,2020-08-05 12:00:00,2021-03,79.96,13500.0,tanshin,140120200804473769,
9101,2020-08-05 12:00:00,2021-03,79.96,13500.0,revision,140120200805474692,
9101,2020-09-24 12:00:00,,,,revision,140120200923494730,notable
9101,2020-11-05 12:00:00,2021-03,207.28,35000.0,tanshin,140120201104414919,
9101,2020-12-24 15:00:00,,,,revision,140120201224438881,notable
9101,2021-02-03 12:00:00,2021-03,533.0,90000.0,tanshin,140120210202453774,
9101,2021-02-03 12:00:00,2021-03,533.0,90000.0,revision,140120210203454453,
9101,2021-04-28 15:30:00,2021-03,829.11,140000.0,revision,140120210428403155,
9101,2021-05-10 12:00:00,2022-03,829.12,140000.0,tanshin,140120210507407477,
9101,2021-07-01 15:00:00,2022-03,2072.8,350000.0,revision,140120210630459702,
9101,2021-08-04 12:00:00,2022-03,2960.37,500000.0,tanshin,140120210803477128,
9101,2021-11-04 12:00:00,2022-03,4202.88,710000.0,tanshin,140120211102423021,
9101,2022-02-03 12:00:00,2022-03,5505.46,930000.0,tanshin,140120220202578175,
9101,2022-05-26 15:00:00,,,,revision,140120220524556433,notable
9101,2022-07-21 15:00:00,2023-03,5674.54,960000.0,revision,140120220720502246,
9101,2022-08-03 12:00:00,2023-03,1891.51,960000.0,tanshin,140120220802509999,
9101,2022-11-04 12:00:00,2023-03,2028.12,1030000.0,tanshin,140120221102555556,
9101,2023-02-03 12:00:00,2023-03,1969.05,1000000.0,tanshin,140120230202599173,
9101,2023-05-09 12:00:00,2024-03,393.81,200000.0,tanshin,140120230508559606,
9101,2023-08-03 12:00:00,2024-03,432.92,220000.0,tanshin,140120230802532558,
9101,2023-11-06 12:00:00,2024-03,441.67,220000.0,tanshin,140120231102578254,
9101,2024-02-05 12:00:00,2024-03,408.06,200000.0,tanshin,140120240202525231,
9101,2024-05-08 12:00:00,2025-03,533.61,245000.0,tanshin,140120240507582980,
9101,2024-07-22 15:00:00,2025-03,855.91,390000.0,revision,140120240722552390,
9101,2024-08-05 12:00:00,2025-03,855.91,390000.0,tanshin,140120240802561430,
9101,2024-11-06 12:00:00,2025-03,863.71,390000.0,tanshin,140120241105511032,
9101,2025-02-05 12:00:00,2025-03,1005.81,450000.0,tanshin,140120250203560961,
9101,2025-05-08 12:00:00,2026-03,560.13,250000.0,tanshin,140120250507531916,
9101,2025-08-05 12:00:00,2026-03,560.18,240000.0,tanshin,140120250804528923,
9101,2025-11-06 12:00:00,2026-03,495.07,210000.0,tanshin,140120251105587533,
9101,2026-02-04 12:00:00,2026-03,499.64,210000.0,tanshin,140120260203545444,
9101,2026-05-11 12:10:00,2027-03,464.91,195000.0,tanshin,140120260508520390,
9101,2026-07-30 15:30:00,2027-03,594.49,240000.0,revision,140120260729501699,
9101,2026-08-05 12:00:00,2027-03,594.49,240000.0,tanshin,140120260804508407,
9104,2000-05-25 15:00:00,2001-03,1.63,,tanshin,wb9829647a66fb,noeps
9104,2001-05-25 15:00:00,2002-03,19.1,,tanshin,wb1edbbb586239,noeps
9104,2002-05-25 15:00:00,2003-03,12.47,,tanshin,wb81dc34636cc1,noeps
9104,2003-05-25 15:00:00,2004-03,31.61,38000.0,tanshin,wb84b97675f9bc,noeps
9104,2003-11-25 15:00:00,2004-03,35.09,42000.0,tanshin,wb308d15439ea2,noeps
9104,2004-05-25 15:00:00,2005-03,51.69,62000.0,tanshin,wb3a18c8f5515e,noeps
9104,2005-02-25 15:00:00,2005-03,78.6,94000.0,tanshin,wb4fc82b6c0975,noeps
9104,2005-05-25 15:00:00,2006-03,94.43,113000.0,tanshin,wb5c25ae7aed2d,noeps
9104,2005-08-25 15:00:00,2006-03,96.28,115000.0,tanshin,wb7bb297bb3c02,noeps
9104,2005-11-25 15:00:00,2006-03,100.42,120000.0,tanshin,wb2172a3779fdd,noeps
9104,2006-02-25 15:00:00,2006-03,93.73,112000.0,tanshin,wbb430d69cb488,noeps
9104,2006-08-25 15:00:00,2007-03,83.67,100000.0,tanshin,wb1a11ed974908,noeps
9104,2006-11-25 15:00:00,2007-03,93.73,112000.0,tanshin,wbb89f729884b9,noeps
9104,2007-02-25 15:00:00,2007-03,98.75,118000.0,tanshin,wb73da5bb9ba79,noeps
9104,2007-07-25 15:00:00,,,,tanshin,wbc01ac6764d11,nohead
9104,2008-10-27 15:00:00,2009-03,162.97,195000.0,tanshin,wb8e27eacf96e2,
9104,2010-03-31 15:00:00,2010-03,8.36,10000.0,revision,wb8bc074303015,
9104,2011-07-29 15:00:00,2012-03,14.22,17000.0,tanshin,wbf4cab3a18792,
9104,2011-07-29 15:00:00,2012-03,14.22,17000.0,revision,wbd3bf9f7cee3d,
9104,2011-09-30 15:00:00,,,,revision,wbc5b94ed9faa9,notable
9104,2013-10-31 11:30:00,2014-03,41.81,50000.0,tanshin,140120131024043330,
9104,2014-01-31 11:30:00,2014-03,47.66,57000.0,tanshin,140120140127092526,
9104,2014-04-30 11:30:00,2015-03,50.17,60000.0,tanshin,140120140428048319,
9104,2014-07-31 11:30:00,2015-03,33.45,40000.0,tanshin,140120140730022789,
9104,2014-07-31 11:30:00,2015-03,33.45,40000.0,revision,140120140731023800,
9104,2014-10-31 11:30:00,2015-03,33.45,40000.0,revision,140120141030069888,
9104,2014-10-31 11:30:00,2015-03,33.45,40000.0,tanshin,140120141030069968,
9104,2015-01-30 11:30:00,2015-03,29.27,35000.0,tanshin,140120150129014090,
9104,2015-01-30 11:30:00,2015-03,29.27,35000.0,revision,140120150130014788,
9104,2015-04-30 11:30:00,2016-03,35.95,43000.0,tanshin,140120150428454874,
9104,2015-04-30 11:30:00,,,,revision,140120150428455396,notable
9104,2015-07-31 11:30:00,2016-03,35.95,43000.0,tanshin,140120150730464383,
9104,2015-07-31 11:30:00,2016-03,35.95,43000.0,revision,140120150730463856,
9104,2015-10-30 11:30:00,2016-03,14.21,17000.0,tanshin,140120151029429248,
9104,2016-01-29 11:30:00,2016-03,-146.31,-175000.0,tanshin,140120160128497854,
9104,2016-01-29 11:30:00,2016-03,-146.31,-175000.0,revision,140120160128498602,
9104,2016-04-28 11:30:00,2017-03,16.72,20000.0,tanshin,140120160427468952,
9104,2016-04-28 11:30:00,,,,revision,140120160427469150,notable
9104,2016-07-29 11:30:00,2017-03,12.54,15000.0,tanshin,140120160728461242,
9104,2016-07-29 11:30:00,2017-03,12.54,15000.0,revision,140120160728460686,
9104,2016-10-31 12:00:00,2017-03,5.85,7000.0,tanshin,140120161028424150,
9104,2016-10-31 12:00:00,2017-03,5.85,7000.0,revision,140120161028424663,
9104,2017-01-31 11:30:00,2017-03,0.0,0.0,tanshin,140120170130484495,
9104,2017-01-31 11:30:00,2017-03,0.0,0.0,revision,140120170131485754,
9104,2017-03-31 15:00:00,,,,revision,140120170330431320,notable
9104,2017-04-28 12:00:00,2018-03,8.36,10000.0,tanshin,140120170427452415,
9104,2017-04-28 12:00:00,,,,revision,140120170427452712,notable
9104,2017-07-31 12:00:00,2018-03,100.33,12000.0,revision,140120170727440370,
9104,2017-07-31 12:00:00,2018-03,100.33,12000.0,tanshin,140120170727441224,
9104,2017-10-31 12:00:00,2018-03,100.33,12000.0,tanshin,140120171030402531,
9104,2018-01-31 12:00:00,2018-03,83.61,10000.0,tanshin,140120180130458822,
9104,2018-04-27 12:00:00,2019-03,250.84,30000.0,tanshin,140120180426420905,
9104,2018-04-27 12:00:00,,,,revision,140120180425420340,notable
9104,2018-07-31 12:00:00,2019-03,250.85,30000.0,tanshin,140120180730487340,
9104,2018-10-16 15:00:00,2019-03,,,revision,140120181016418207,noeps
9104,2018-10-16 15:00:00,,,,revision,140120181016418400,notable
9104,2018-10-31 12:00:00,2019-03,142.15,17000.0,tanshin,140120181030425464,
9104,2018-10-31 12:00:00,2019-03,142.15,17000.0,revision,140120181030425580,
9104,2019-01-31 12:00:00,2019-03,175.6,21000.0,tanshin,140120190129465228,
9104,2019-04-26 12:00:00,2020-03,334.47,40000.0,tanshin,140120190424410411,
9104,2019-04-26 12:00:00,,,,revision,140120190425412037,notable
9104,2019-07-31 12:00:00,2020-03,334.47,40000.0,tanshin,140120190729478091,
9104,2019-10-31 12:00:00,2020-03,334.47,40000.0,tanshin,140120191029414891,
9104,2020-01-31 12:00:00,2020-03,334.47,40000.0,tanshin,140120200130454306,
9104,2020-04-30 12:00:00,2021-03,,,tanshin,140120200428402005,noeps
9104,2020-06-17 15:00:00,2021-03,,,revision,140120200617446291,noeps
9104,2020-07-31 12:00:00,,,,revision,140120200730470898,notable
9104,2020-07-31 12:00:00,2021-03,,,tanshin,140120200730470644,noeps
9104,2020-09-24 15:30:00,2021-03,,,revision,140120200923494829,noeps
9104,2020-10-30 12:00:00,2021-03,167.23,20000.0,revision,140120201029412278,
9104,2020-10-30 12:00:00,2021-03,167.23,20000.0,tanshin,140120201029412077,
9104,2021-01-29 12:00:00,2021-03,501.7,60000.0,tanshin,140120210128451355,
9104,2021-01-29 12:00:00,2021-03,501.7,60000.0,revision,140120210128451321,
9104,2021-04-30 12:00:00,,,,revision,140120210429403846,notable
9104,2021-04-30 12:00:00,2022-03,752.52,90000.0,tanshin,140120210428403523,
9104,2021-06-21 15:15:00,2022-03,1755.88,210000.0,revision,140120210616450115,
9104,2021-07-30 12:00:00,2022-03,2797.15,335000.0,tanshin,140120210730474785,
9104,2021-10-29 12:00:00,2022-03,4004.94,480000.0,tanshin,140120211027418507,
9104,2022-01-31 12:00:00,2022-03,5254.68,630000.0,tanshin,140120220127574332,
9104,2022-04-28 12:00:00,2023-03,1389.63,500000.0,tanshin,140120220427529896,
9104,2022-07-21 15:00:00,2023-03,1939.37,700000.0,revision,140120220721502530,
9104,2022-07-29 12:00:00,2023-03,1939.37,700000.0,tanshin,140120220728506782,
9104,2022-10-31 12:00:00,2023-03,2187.69,790000.0,tanshin,140120221028552734,
9104,2023-01-31 12:00:00,2023-03,2215.35,800000.0,tanshin,140120230130595721,
9104,2023-04-28 12:00:00,2024-03,581.38,210000.0,tanshin,140120230427554313,
9104,2023-07-31 12:00:00,2024-03,594.21,215000.0,tanshin,140120230728528985,
9104,2023-10-31 12:00:00,2024-03,607.88,220000.0,tanshin,140120231030574674,
9104,2024-01-31 12:00:00,2024-03,649.33,235000.0,tanshin,140120240130522052,
9104,2024-04-30 12:00:00,2025-03,593.96,215000.0,tanshin,140120240426578587,
9104,2024-04-30 12:00:00,,,,revision,140120240424575891,notable
9104,2024-07-31 12:00:00,2025-03,924.31,335000.0,tanshin,140120240730557709,
9104,2024-10-31 12:00:00,2025-03,972.77,350000.0,tanshin,140120241030505850,
9104,2025-01-31 12:00:00,2025-03,1114.83,400000.0,tanshin,140120250130558278,
9104,2025-04-30 12:00:00,2026-03,492.1,170000.0,tanshin,140120250428525567,manual
9104,2025-08-01 12:00:00,2026-03,581.48,200000.0,tanshin,140120250730524249,manual
9104,2025-11-04 12:00:00,2026-03,523.16,180000.0,tanshin,140120251029580923,manual
9104,2026-01-30 12:00:00,2026-03,581.28,200000.0,tanshin,140120260121536344,manual
9104,2026-01-30 12:00:00,2026-03,,,revision,140120260126538571,noeps
9104,2026-04-30 12:00:00,2027-03,494.77,170000.0,tanshin,140120260421507811,
9104,2026-08-03 15:30:00,2027-03,698.27,240000.0,revision,140120260731505305,
9104,2026-08-07 12:00:00,2027-03,698.27,240000.0,tanshin,140120260731505319,
9107,2005-02-10 15:00:00,2005-03,101.5,60000.0,tanshin,wb8d063c6f94ce,
9107,2005-05-12 15:00:00,2006-03,116.71,69000.0,tanshin,wb5ff54bd3b5f9,noeps
9107,2005-08-04 15:00:00,2006-03,116.71,69000.0,tanshin,wb3164f11bc161,
9107,2005-11-10 15:00:00,2006-03,108.05,64000.0,tanshin,wb2800158cd12e,noeps
9107,2006-02-09 15:00:00,2006-03,108.21,64000.0,tanshin,wbaa652376f31d,
9107,2006-05-11 15:00:00,2007-03,76.07,45000.0,tanshin,wbad31a730940f,noeps
9107,2006-08-03 15:00:00,2007-03,71.0,42000.0,tanshin,wbb013ccc2dad3,
9107,2006-11-09 15:00:00,2007-03,86.2,51000.0,tanshin,wbbb2fce3d40c5,noeps
9107,2007-02-08 15:00:00,2007-03,87.04,51500.0,tanshin,wb054489c63279,
9107,2007-07-26 15:00:00,,,,revision,wb6de269830a66,notable
9107,2007-07-26 15:00:00,,,,revision,wb256236c4ff49,notable
9107,2007-10-30 15:00:00,,,,revision,wbd5e55a7977f1,notable
9107,2008-07-25 15:00:00,2009-03,122.42,78000.0,tanshin,wbd46c2ae885c5,
9107,2008-10-27 15:00:00,2009-03,111.44,71000.0,tanshin,wb701078642155,
9107,2009-01-30 15:00:00,2009-03,47.09,30000.0,tanshin,wb7e0fb23d6926,
9107,2009-04-27 15:00:00,2010-03,10.2,6500.0,tanshin,wb45e81094ac81,
9107,2009-07-27 15:00:00,2010-03,-48.65,-31000.0,tanshin,wbdba01c03cbeb,
9107,2009-07-27 15:00:00,,,,revision,wbd9456250f6af,undisclosed
9107,2009-10-27 15:00:00,2010-03,-123.99,-79000.0,tanshin,wb54a2ba70e2ca,
9107,2009-10-27 15:00:00,,,,revision,wb0de3ad01e455,undisclosed
9107,2010-04-27 15:00:00,2011-03,23.57,18000.0,tanshin,wb05b557a66299,
9107,2010-07-29 15:00:00,,,,tanshin,wb06a919f636c2,nohead
9107,2010-07-29 15:00:00,,,,revision,wbd60d9ff3fd3a,notable
9107,2010-10-29 15:00:00,2011-03,41.91,32000.0,tanshin,wb3291e5817274,
9107,2010-10-29 15:00:00,,,,revision,wbf7ffee7e59fd,notable
9107,2011-01-31 15:00:00,2011-03,43.22,33000.0,tanshin,wb4b15243fb90d,
9107,2011-04-28 15:00:00,2012-03,2.62,2000.0,tanshin,wbfae159b97b57,
9107,2012-04-27 15:00:00,2013-03,14.4,11000.0,tanshin,wbc9b7528cef7c,
9107,2012-07-31 15:00:00,2013-03,9.05,8000.0,tanshin,wb84ae25690515,
9107,2012-07-31 15:00:00,,,,revision,wbb84497dcad09,notable
9107,2013-04-30 15:00:00,2014-03,13.86,13000.0,tanshin,wb1b98fa9f5d5c,
9107,2013-10-31 11:30:00,2014-03,17.06,16000.0,tanshin,140120131028045913,
9107,2013-10-31 11:30:00,,,,revision,140120131029046645,notable
9107,2014-01-31 11:30:00,2014-03,17.06,16000.0,tanshin,140120140130095535,
9107,2014-04-30 11:30:00,2015-03,19.2,18000.0,tanshin,140120140428048191,
9107,2014-07-31 11:30:00,2015-03,19.2,18000.0,tanshin,140120140730023255,
9107,2014-10-31 11:30:00,2015-03,22.93,21500.0,tanshin,140120141028066880,
9107,2014-10-31 11:30:00,,,,revision,140120141031070490,notable
9107,2015-01-30 11:30:00,2015-03,26.66,25000.0,tanshin,140120150128012942,
9107,2015-01-30 11:30:00,,,,revision,140120150129014627,notable
9107,2015-04-30 11:30:00,2016-03,24.54,23000.0,tanshin,140120150428454872,
9107,2015-07-31 11:30:00,2016-03,24.54,23000.0,tanshin,140120150729462880,
9107,2015-10-30 11:30:00,,,,revision,140120151030431232,notable
9107,2015-10-30 11:30:00,2016-03,12.8,12000.0,tanshin,140120151029430331,
9107,2016-01-29 11:30:00,2016-03,5.33,5000.0,tanshin,140120160128498532,
9107,2016-01-29 11:30:00,,,,revision,140120160128498694,notable
9107,2016-04-01 15:00:00,,,,revision,140120160331448091,notable
9107,2016-04-28 11:30:00,2017-03,-37.34,-35000.0,tanshin,140120160427469991,
9107,2016-04-28 11:30:00,,,,revision,140120160427469211,notable
9107,2016-07-29 11:30:00,2017-03,-48.55,-45500.0,tanshin,140120160727459072,
9107,2016-07-29 11:30:00,,,,revision,140120160729461835,notable
9107,2016-10-31 12:00:00,,,,revision,140120161031426138,undisclosed
9107,2017-01-31 11:30:00,2017-03,-100.3,-94000.0,tanshin,140120170127483432,
9107,2017-04-28 11:30:00,2018-03,22.41,21000.0,tanshin,140120170427453526,
9107,2017-04-28 11:30:00,,,,revision,140120170427452585,notable
9107,2017-07-31 11:30:00,2018-03,224.07,21000.0,tanshin,140120170728442566,
9107,2017-10-31 11:30:00,2018-03,90.96,8500.0,tanshin,140120171030403379,
9107,2017-10-31 11:30:00,2018-03,90.96,8500.0,revision,140120171030402555,
9107,2018-01-31 11:30:00,2018-03,90.96,8500.0,tanshin,140120180130459484,
9107,2018-01-31 11:30:00,2018-03,90.96,8500.0,revision,140120180130459868,
9107,2018-04-27 11:30:00,2019-03,75.05,7000.0,tanshin,140120180426422318,
9107,2018-04-27 11:30:00,,,,revision,140120180426420645,notable
9107,2018-07-31 11:30:00,,,,revision,140120180725485208,undisclosed
9107,2018-07-31 11:30:00,2019-03,75.05,7000.0,tanshin,140120180730488139,
9107,2018-10-16 15:00:00,2019-03,,,revision,140120181015417988,noeps
9107,2018-10-16 15:00:00,2019-03,-230.51,-21500.0,revision,140120181015417564,
9107,2018-10-31 11:30:00,2019-03,-214.43,-20000.0,tanshin,140120181030426421,
9107,2019-01-31 11:30:00,2019-03,-214.43,-20000.0,tanshin,140120190130466431,
9107,2019-03-07 15:00:00,2019-03,-1072.13,-100000.0,revision,140120190307487190,
9107,2019-04-26 11:30:00,2020-03,117.93,11000.0,tanshin,140120190425411655,
9107,2019-07-31 11:30:00,2020-03,117.93,11000.0,tanshin,140120190730479008,
9107,2019-10-31 11:30:00,2020-03,117.93,11000.0,tanshin,140120191030415821,
9107,2019-10-31 11:30:00,,,,revision,140120191029414692,undisclosed
9107,2020-01-31 11:30:00,2020-03,117.93,11000.0,tanshin,140120200130453161,
9107,2020-05-11 11:30:00,2021-03,,,tanshin,140120200508406542,undisclosed
9107,2020-05-11 11:30:00,,,,revision,140120200507405220,undisclosed
9107,2020-08-05 11:30:00,2021-03,0.0,0.0,revision,140120200804474186,
9107,2020-08-05 11:30:00,2021-03,0.0,0.0,tanshin,140120200804474305,
9107,2020-09-24 15:00:00,,,,revision,140120200923495107,notable
9107,2020-11-05 11:30:00,2021-03,214.42,20000.0,revision,140120201104414945,
9107,2020-11-05 11:30:00,2021-03,214.42,20000.0,tanshin,140120201102414490,
9107,2020-12-28 15:00:00,,,,revision,140120201225439686,notable
9107,2021-02-03 11:30:00,2021-03,696.87,65000.0,tanshin,140120210202454170,
9107,2021-03-31 15:00:00,2021-03,964.9,90000.0,revision,140120210331487637,
9107,2021-05-10 11:30:00,2022-03,375.24,35000.0,tanshin,140120210509408475,
9107,2021-06-22 15:00:00,2022-03,2037.01,190000.0,revision,140120210622453295,
9107,2021-08-04 11:30:00,2022-03,2841.1,265000.0,revision,140120210803477321,
9107,2021-08-04 11:30:00,2022-03,2841.1,265000.0,tanshin,140120210802476820,
9107,2021-11-04 11:30:00,2022-03,3966.83,370000.0,revision,140120211102423173,
9107,2021-11-04 11:30:00,2022-03,3966.83,370000.0,tanshin,140120211102423801,
9107,2022-02-03 11:30:00,2022-03,5575.0,520000.0,revision,140120220202578602,
9107,2022-02-03 11:30:00,2022-03,5575.0,520000.0,tanshin,140120220202577985,
9107,2022-05-09 11:30:00,2023-03,4931.76,460000.0,tanshin,140120220508534696,
9107,2022-07-21 15:00:00,2023-03,7349.22,690000.0,revision,140120220719501525,
9107,2022-08-03 11:30:00,2023-03,2449.74,690000.0,tanshin,140120220802509750,
9107,2022-11-04 11:30:00,2023-03,2483.29,700000.0,revision,140120221101554805,
9107,2022-11-04 11:30:00,2023-03,2483.29,700000.0,tanshin,140120221102556007,
9107,2023-02-03 11:30:00,2023-03,2395.93,650000.0,tanshin,140120230202599105,
9107,2023-02-03 11:30:00,,,,revision,140120230130596063,notable
9107,2023-05-08 15:00:00,2024-03,485.29,120000.0,tanshin,140120230502558372,
9107,2023-08-02 15:00:00,2024-03,485.29,120000.0,tanshin,140120230731530779,
9107,2023-11-02 15:00:00,2024-03,435.4,105000.0,tanshin,140120231031576565,
9107,2024-02-02 15:00:00,,,,revision,140120240201524515,undisclosed
9107,2024-02-02 15:00:00,2024-03,436.64,105000.0,tanshin,140120240201524474,
9107,2024-05-07 15:00:00,,,,revision,140120240506582131,notable
9107,2024-05-07 15:00:00,2025-03,169.74,120000.0,tanshin,140120240502581686,
9107,2024-07-25 08:30:00,2025-03,308.53,210000.0,revision,140120240724553835,
9107,2024-08-02 15:00:00,2025-03,308.53,210000.0,tanshin,140120240801560493,
9107,2024-11-05 15:30:00,,,,revision,140120241105511416,notable
9107,2024-11-05 15:30:00,2025-03,347.9,235000.0,tanshin,140120241031508496,
9107,2025-02-04 15:30:00,2025-03,443.4,295000.0,tanshin,140120250203561162,
9107,2025-05-07 15:30:00,2026-03,158.31,100000.0,tanshin,140120250501529687,
9107,2025-08-04 15:30:00,2026-03,181.96,115000.0,tanshin,140120250801527367,
9107,2025-11-05 15:30:00,2026-03,166.14,105000.0,tanshin,140120251104586005,
9107,2026-02-03 15:30:00,2026-03,181.96,115000.0,tanshin,140120260202544833,
9107,2026-05-08 15:30:00,2027-03,150.29,95000.0,tanshin,140120260507518026,
9107,2026-07-24 15:30:00,2027-03,220.79,135000.0,revision,140120260724599046,
9107,2026-08-04 15:30:00,2027-03,220.79,135000.0,tanshin,140120260803506455,
9110,2013-10-11 15:00:00,,,,revision,140120131009035219,notable
9110,2013-10-31 14:30:00,2014-03,38.15,8800.0,tanshin,140120131017038450,
9110,2014-01-31 14:30:00,2014-03,43.35,10000.0,tanshin,140120140124091100,
9110,2014-01-31 14:30:00,,,,revision,140120140127092770,notable
9110,2014-04-30 14:30:00,2015-03,24.71,5700.0,tanshin,140120140425046894,manual
9110,2014-07-31 14:30:00,2015-03,24.71,5700.0,tanshin,140120140729021939,
9110,2014-09-25 15:00:00,,,,revision,140120140922047609,notable
9110,2014-10-31 14:30:00,,,,revision,140120141027066047,notable
9110,2014-10-31 14:30:00,2015-03,38.15,8800.0,tanshin,140120141031070485,
9110,2015-02-02 14:30:00,2015-03,38.15,8800.0,tanshin,140120150130015805,
9110,2015-04-30 14:30:00,2016-03,22.11,5100.0,tanshin,140120150430456883,
9110,2015-07-31 14:30:00,2016-03,21.82,5100.0,tanshin,140120150730464427,
9110,2015-10-30 14:30:00,2016-03,21.77,5100.0,tanshin,140120151029430364,
9110,2016-01-29 14:30:00,2016-03,17.93,4200.0,tanshin,140120160128497777,
9110,2016-01-29 14:30:00,,,,revision,140120160126495892,notable
9110,2016-04-28 14:30:00,2017-03,14.85,3500.0,tanshin,140120160428470846,
9110,2016-07-29 14:30:00,2017-03,12.73,3000.0,tanshin,140120160728461191,
9110,2016-10-31 14:30:00,2017-03,12.3,2900.0,tanshin,140120161028424659,
9110,2016-10-31 14:30:00,,,,revision,140120161031426596,notable
9110,2017-01-31 14:30:00,2017-03,12.3,2900.0,tanshin,140120170130484937,
9110,2017-01-31 14:30:00,,,,revision,140120170125480578,notable
9110,2017-04-28 14:30:00,2018-03,241.85,5700.0,tanshin,140120170427453450,
9110,2017-04-28 14:30:00,,,,revision,140120170428454410,notable
9110,2017-07-31 14:30:00,2018-03,241.85,5700.0,tanshin,140120170728442176,
9110,2017-10-31 14:30:00,2018-03,275.8,6500.0,tanshin,140120171030403168,
9110,2017-10-31 14:30:00,,,,revision,140120171030403462,notable
9110,2018-01-31 14:30:00,2018-03,275.8,6500.0,tanshin,140120180129458423,
9110,2018-03-22 14:30:00,2018-03,275.8,6500.0,revision,140120180322494640,
9110,2018-04-27 14:30:00,2019-03,313.99,7400.0,tanshin,140120180426421359,
9110,2018-07-31 14:30:00,2019-03,330.97,7800.0,tanshin,140120180730487992,
9110,2018-10-18 12:00:00,,,,revision,140120181016418522,notable
9110,2018-10-31 14:30:00,2019-03,381.89,9000.0,tanshin,140120181030425989,
9110,2019-01-31 14:30:00,2019-03,381.89,9000.0,tanshin,140120190130466092,
9110,2019-04-26 14:30:00,2020-03,318.24,7500.0,tanshin,140120190425411561,
9110,2019-07-31 14:30:00,2020-03,330.97,7800.0,tanshin,140120190730479161,
9110,2019-10-31 14:30:00,2020-03,330.97,7800.0,tanshin,140120191030415419,
9110,2020-01-31 14:30:00,2020-03,330.97,7800.0,tanshin,140120200130453959,
9110,2020-05-11 14:30:00,2021-03,,,tanshin,140120200510407782,undisclosed
9110,2020-07-31 14:30:00,2021-03,212.16,5000.0,tanshin,140120200730470922,
9110,2020-07-31 14:30:00,2021-03,212.16,5000.0,revision,140120200730470289,
9110,2020-09-24 14:30:00,,,,revision,140120200923494962,notable
9110,2020-10-30 14:30:00,2021-03,178.22,4200.0,tanshin,140120201029411935,
9110,2021-01-29 14:30:00,2021-03,178.22,4200.0,tanshin,140120210129451790,
9110,2021-04-30 14:30:00,2022-03,339.46,8000.0,tanshin,140120210430404018,
9110,2021-07-30 14:30:00,2022-03,636.5,15000.0,tanshin,140120210729474262,
9110,2021-10-29 14:30:00,2022-03,827.45,19500.0,tanshin,140120211028419242,
9110,2021-10-29 14:30:00,2022-03,827.45,19500.0,revision,140120211028419750,
9110,2022-01-31 14:30:00,2022-03,933.53,22000.0,tanshin,140120220128574749,
9110,2022-04-28 14:30:00,2023-03,755.31,17800.0,tanshin,140120220427530142,
9110,2022-07-29 14:30:00,2023-03,1103.27,26000.0,tanshin,140120220728506454,
9110,2022-10-31 14:30:00,2023-03,1103.27,26000.0,tanshin,140120221031553086,
9110,2023-01-31 14:30:00,2023-03,1145.71,27000.0,tanshin,140120230131596865,
9110,2023-04-28 14:30:00,2024-03,466.77,11000.0,tanshin,140120230428556102,
9110,2023-07-31 14:30:00,2024-03,521.94,12300.0,tanshin,140120230728529640,
9110,2023-10-31 14:30:00,2024-03,589.84,13900.0,tanshin,140120231031576069,
9110,2024-01-31 14:30:00,2024-03,717.14,16900.0,tanshin,140120240130522094,
9110,2024-04-30 14:30:00,2025-03,594.08,14000.0,tanshin,140120240430579556,
9110,2024-07-31 14:30:00,2025-03,763.82,18000.0,tanshin,140120240731559008,
9110,2024-10-31 14:30:00,2025-03,763.82,18000.0,tanshin,140120241031507328,
9110,2025-01-31 14:30:00,2025-03,763.82,18000.0,tanshin,140120250131559463,
9110,2025-04-30 14:30:00,2026-03,594.09,14000.0,tanshin,140120250430527349,
9110,2025-07-31 14:30:00,2026-03,695.93,16400.0,tanshin,140120250731525138,
9110,2025-10-31 14:30:00,2026-03,802.02,18900.0,tanshin,140120251031584319,
9110,2026-01-30 14:30:00,2026-03,882.64,20800.0,tanshin,140120260130542916,
9110,2026-04-30 14:30:00,2027-03,980.25,23100.0,tanshin,140120260430514697,
9110,2026-07-31 16:00:00,,,,revision,140120260731504918,notable
9110,2026-07-31 16:05:00,2027-03,1060.87,25000.0,tanshin,140120260731505439,
9119,2013-10-31 14:00:00,2014-03,52.1,5600.0,tanshin,140120131022041604,
9119,2014-01-31 14:00:00,2014-03,40.95,4400.0,tanshin,140120140130095243,manual
9119,2014-01-31 14:00:00,2014-03,40.95,4400.0,revision,140120140130096235,
9119,2014-04-30 14:00:00,2015-03,52.27,5800.0,tanshin,140120140429049152,
9119,2014-07-31 14:00:00,2015-03,52.27,5800.0,tanshin,140120140725020109,
9119,2014-10-31 14:00:00,2015-03,54.07,6000.0,tanshin,140120141029067435,
9119,2015-01-30 14:00:00,2015-03,54.07,6000.0,tanshin,140120150126010761,
9119,2015-04-30 14:00:00,2016-03,36.05,4000.0,tanshin,140120150428454638,
9119,2015-07-31 14:00:00,2016-03,54.06,6000.0,tanshin,140120150729463148,
9119,2015-07-31 14:00:00,2016-03,54.06,6000.0,revision,140120150730463960,
9119,2015-10-30 14:00:00,2016-03,54.07,6000.0,tanshin,140120151028427460,
9119,2016-01-29 14:00:00,2016-03,45.06,5000.0,tanshin,140120160128497711,
9119,2016-04-28 14:00:00,2017-03,42.35,4700.0,tanshin,140120160427469182,
9119,2016-07-29 14:00:00,2017-03,32.44,3600.0,tanshin,140120160728461204,
9119,2016-10-31 14:00:00,2017-03,24.33,2700.0,tanshin,140120161028424978,
9119,2017-01-31 14:00:00,2017-03,29.74,3300.0,tanshin,140120170130484638,
9119,2017-04-28 14:00:00,2018-03,33.34,3700.0,tanshin,140120170427452061,
9119,2017-07-31 14:00:00,2018-03,37.85,4200.0,tanshin,140120170728442621,
9119,2017-07-31 14:00:00,2018-03,37.85,4200.0,revision,140120170728441851,
9119,2017-10-31 14:00:00,2018-03,38.75,4300.0,tanshin,140120171030403786,
9119,2018-01-31 14:00:00,2018-03,38.75,4300.0,tanshin,140120180130459697,
9119,2018-04-27 14:00:00,2019-03,62.38,6600.0,tanshin,140120180426422227,
9119,2018-07-31 14:00:00,2019-03,63.32,6700.0,tanshin,140120180730487907,
9119,2018-10-31 14:00:00,2019-03,63.32,6700.0,tanshin,140120181030426424,
9119,2019-01-31 14:00:00,2019-03,46.31,4900.0,tanshin,140120190130466282,
9119,2019-01-31 14:00:00,,,,revision,140120190131466916,notable
9119,2019-04-26 14:00:00,2020-03,35.91,3800.0,tanshin,140120190425411913,manual
9119,2019-07-31 14:00:00,2020-03,32.13,3300.0,tanshin,140120190731479556,manual
9119,2019-10-31 14:00:00,2020-03,26.46,2800.0,tanshin,140120191030415798,manual
9119,2020-01-31 14:00:00,2020-03,35.91,3800.0,tanshin,140120200131454569,
9119,2020-01-31 14:00:00,2020-03,35.91,3800.0,revision,140120200131454442,
9119,2020-05-15 14:00:00,2021-03,42.53,4500.0,tanshin,140120200514415032,
9119,2020-08-07 14:00:00,2021-03,42.53,4500.0,tanshin,140120200806476927,
9119,2020-08-07 14:00:00,2021-03,42.53,4500.0,revision,140120200807477721,
9119,2020-11-09 14:00:00,2021-03,44.42,4700.0,tanshin,140120201106417940,
9119,2020-11-09 14:00:00,,,,revision,140120201109418239,notable
9119,2021-02-10 14:00:00,2021-03,57.65,6100.0,tanshin,140120210209459457,
9119,2021-02-10 14:00:00,2021-03,57.65,6100.0,revision,140120210210460334,
9119,2021-05-11 14:00:00,2022-03,56.71,6000.0,tanshin,140120210510409391,
9119,2021-08-05 14:00:00,2022-03,75.61,8000.0,tanshin,140120210804478985,
9119,2021-08-05 14:00:00,2022-03,75.61,8000.0,revision,140120210805479445,
9119,2021-11-09 14:00:00,2022-03,78.45,8300.0,tanshin,140120211108427494,manual
9119,2022-02-08 14:00:00,2022-03,94.51,10000.0,tanshin,140120220207581854,
9119,2022-02-08 14:00:00,2022-03,94.51,10000.0,revision,140120220208582861,
9119,2022-05-10 14:00:00,2023-03,66.16,7000.0,tanshin,140120220509536014,
9119,2022-05-10 14:00:00,,,,revision,140120220510536691,notable
9119,2022-08-02 14:00:00,2023-03,133.26,14100.0,tanshin,140120220801509133,
9119,2022-08-02 14:00:00,2023-03,133.26,14100.0,revision,140120220802509809,
9119,2022-11-04 14:00:00,2023-03,175.8,18600.0,tanshin,140120221102555749,
9119,2023-01-31 14:00:00,2023-03,206.04,21800.0,tanshin,140120230130596236,
9119,2023-01-31 14:00:00,,,,revision,140120230131597061,notable
9119,2023-05-09 14:00:00,2024-03,94.51,10000.0,tanshin,140120230508560145,
9119,2023-07-31 14:00:00,2024-03,116.25,12300.0,tanshin,140120230727528209,
9119,2023-07-31 14:00:00,2024-03,116.25,12300.0,revision,140120230731530149,
9119,2023-10-31 14:00:00,2024-03,165.4,17500.0,tanshin,140120231030574724,
9119,2024-01-31 14:00:00,2024-03,170.13,18000.0,tanshin,140120240126520263,
9119,2024-01-31 14:00:00,,,,revision,140120240131522882,notable
9119,2024-05-07 14:00:00,2025-03,133.27,14100.0,tanshin,140120240502581756,
9119,2024-07-31 14:00:00,2025-03,162.57,17200.0,tanshin,140120240729556215,
9119,2024-07-31 14:00:00,2025-03,162.57,17200.0,revision,140120240731558842,
9119,2024-08-09 14:00:00,2025-03,162.57,17200.0,tanshin,140120240807565850,
9119,2024-10-31 14:00:00,2025-03,162.57,17200.0,tanshin,140120241030506603,
9119,2025-01-31 14:00:00,2025-03,162.57,17200.0,tanshin,140120250130559013,
9119,2025-01-31 14:00:00,,,,revision,140120250131559535,notable
9119,2025-02-14 14:00:00,2025-03,162.57,17200.0,tanshin,140120250213571929,
9119,2025-05-08 14:00:00,2026-03,108.69,11500.0,tanshin,140120250507533050,
9119,2025-07-31 14:00:00,2026-03,108.69,11500.0,tanshin,140120250729523103,
9119,2025-10-31 14:00:00,2026-03,119.09,12600.0,tanshin,140120251030583422,
9119,2026-02-05 14:00:00,2026-03,136.1,14400.0,tanshin,140120260203546179,
9119,2026-02-05 14:00:00,,,,revision,140120260205548350,notable
9119,2026-05-08 14:00:00,2027-03,114.36,12100.0,tanshin,140120260507518527,
9119,2026-08-04 14:00:00,2027-03,132.32,14000.0,tanshin,140120260803507450,
9119,2026-08-04 14:00:00,2027-03,132.32,14000.0,revision,140120260804508191,
9308,2013-11-06 15:00:00,2014-03,5.14,82.0,tanshin,140120131028046337,
9308,2013-11-06 15:00:00,,,,revision,140120131106053506,notable
9308,2014-02-10 15:00:00,2014-03,7.53,120.0,tanshin,140120140129094072,manual
9308,2014-02-10 15:00:00,,,,revision,140120140130095561,notable
9308,2014-04-24 16:30:00,,,,revision,140120140421041754,notable
9308,2014-05-12 15:30:00,2015-03,34.15,545.0,tanshin,140120140502051981,manual
9308,2014-08-05 15:00:00,2015-03,34.15,545.0,tanshin,140120140722017674,manual
9308,2014-11-06 15:00:00,2015-03,,,tanshin,140120141031071482,undisclosed
9308,2014-11-06 15:00:00,,,,revision,140120141106074765,notable
9308,2014-12-11 15:30:00,,,,revision,140120141211092278,undisclosed
9308,2015-02-09 15:00:00,2015-03,467.48,9584.0,tanshin,140120150204018840,manual
9308,2015-02-09 15:00:00,,,,revision,140120150205020170,notable
9308,2015-03-24 09:30:00,,,,revision,140120150320417986,notable
9308,2015-05-14 15:00:00,2016-03,-92.74,-2325.0,tanshin,140120150501459250,manual
9308,2015-05-14 15:00:00,,,,revision,140120150511469292,notable
9308,2015-05-19 15:00:00,,,,revision,140120150518482698,notable
9308,2015-08-07 15:00:00,2016-03,10.45,262.0,tanshin,140120150730464787,manual
9308,2015-08-07 15:00:00,,,,revision,140120150807473081,notable
9308,2015-08-28 16:00:00,,,,revision,140120150826484987,notable
9308,2015-11-10 15:00:00,2016-03,-10.41,-261.0,tanshin,140120151029429270,manual
9308,2016-02-10 15:00:00,2016-03,-58.68,-1471.0,tanshin,140120160129400545,manual
9308,2016-02-10 15:00:00,,,,revision,140120160209410127,notable
9308,2016-05-13 15:00:00,2017-03,-101.21,-2537.0,tanshin,140120160427470391,manual
9308,2016-05-13 15:00:00,,,,revision,140120160513487827,notable
9308,2016-08-10 15:00:00,2017-03,-94.35,-2365.0,tanshin,140120160726458650,manual
9308,2016-11-10 15:00:00,2017-03,-94.43,-2367.0,tanshin,140120161027422584,manual
9308,2016-12-21 15:00:00,,,,revision,140120161220460724,notable
9308,2017-02-13 15:00:00,2017-03,-23.42,-587.0,tanshin,140120170203490064,manual
9308,2017-05-12 15:00:00,2018-03,30.48,764.0,tanshin,140120170425449611,
9308,2017-05-12 15:00:00,,,,revision,140120170512469907,notable
9308,2017-08-10 15:00:00,2018-03,3.25,81.0,tanshin,140120170726439784,
9308,2017-11-09 15:00:00,2018-03,23.34,581.0,tanshin,140120171024497357,manual
9308,2018-02-14 15:00:00,2018-03,22.82,568.0,tanshin,140120180130459456,manual
9308,2018-05-11 15:00:00,2019-03,117.18,2911.0,tanshin,140120180425419505,manual
9308,2018-08-09 15:00:00,2019-03,88.96,2210.0,tanshin,140120180730488175,manual
9308,2018-11-08 15:00:00,2019-03,53.78,1337.0,tanshin,140120181025422740,manual
9308,2019-02-14 15:00:00,2019-03,40.11,997.0,tanshin,140120190130466427,
9308,2019-05-14 15:00:00,,,,revision,140120190513422595,notable
9308,2019-05-14 15:00:00,2020-03,12.26,305.0,tanshin,140120190426413440,manual
9308,2019-08-08 15:00:00,,,,revision,140120190802481704,notable
9308,2019-11-13 15:00:00,2020-03,-10.6,-264.0,tanshin,140120191101418421,
9308,2019-11-13 15:00:00,,,,revision,140120191112425414,notable
9308,2019-12-13 14:00:00,,,,revision,140120191213436727,notable
9308,2020-02-13 15:00:00,,,,revision,140120200212463087,notable
9308,2020-02-13 15:00:00,2020-03,5.1,127.0,tanshin,140120200203455927,
9308,2020-04-01 16:30:00,,,,revision,140120200331488123,notable
9308,2020-05-14 15:00:00,2021-03,,,tanshin,140120200512411004,undisclosed
9308,2020-08-13 15:00:00,2021-03,-88.96,-2218.0,tanshin,140120200813481265,
9308,2020-08-13 15:00:00,,,,revision,140120200812480893,undisclosed
9308,2020-11-12 15:00:00,2021-03,-109.25,-2726.0,tanshin,140120201110420442,
9308,2021-02-12 15:00:00,2021-03,-85.78,-2141.0,tanshin,140120210210461462,
9308,2021-05-14 15:01:00,2022-03,127.1,3175.0,tanshin,140120210513417716,
9308,2021-05-14 15:01:00,,,,revision,140120210513416953,notable
9308,2021-08-12 15:00:00,2022-03,288.75,7213.0,tanshin,140120210812484651,
9308,2021-08-12 15:00:00,,,,revision,140120210812484544,notable
9308,2021-11-11 15:00:00,2022-03,339.44,8492.0,tanshin,140120211111431850,
9308,2021-11-11 15:00:00,,,,revision,140120211111431329,notable
9308,2022-02-14 15:00:00,2022-03,399.61,9997.0,tanshin,140120220210587341,
9308,2022-02-14 15:00:00,,,,revision,140120220210587369,notable
9308,2022-05-13 15:00:00,2023-03,296.84,7426.0,tanshin,140120220512543934,
9308,2022-08-10 15:00:00,2023-03,378.78,9476.0,tanshin,140120220809516209,
9308,2022-11-11 15:00:00,2023-03,371.38,9303.0,tanshin,140120221108559555,
9308,2023-02-13 15:00:00,2023-03,378.81,9489.0,tanshin,140120230213507695,
9308,2023-05-12 15:00:00,2024-03,114.09,2858.0,tanshin,140120230511566389,
9308,2023-08-10 15:00:00,2024-03,11.98,300.0,tanshin,140120230613502137,
9308,2023-11-10 15:00:00,2024-03,43.07,1081.0,tanshin,140120231109584189,
9308,2024-02-13 15:00:00,2024-03,59.69,1498.0,tanshin,140120240209532087,
9308,2024-05-13 15:00:00,2025-03,45.54,1143.0,tanshin,140120240510590261,
9308,2024-08-08 15:00:00,2025-03,82.79,2078.0,tanshin,140120240808566526,
9308,2024-11-08 15:00:00,2025-03,271.52,6824.0,tanshin,140120241108515744,
9308,2025-02-13 15:00:00,2025-03,199.26,5008.0,tanshin,140120250212569593,manual
9308,2025-05-13 15:00:00,2026-03,3.86,97.0,tanshin,140120250513544028,
9308,2025-08-08 15:00:00,2026-03,24.15,607.0,tanshin,140120250806531540,
9308,2025-11-11 15:00:00,2026-03,22.64,570.0,tanshin,140120251110593523,
9308,2026-02-12 15:00:00,2026-03,33.75,850.0,tanshin,140120260210553627,
9308,2026-05-13 15:00:00,2027-03,115.72,2914.0,tanshin,140120260511522887,manual
9308,2026-05-13 15:00:00,,,,revision,140120260513528002,notable
9308,2026-08-07 15:00:00,2027-03,151.78,3822.0,tanshin,140120260806513016,
9115,2013-10-30 13:00:00,2014-03,39.31,1300.0,revision,140120131028045574,
9115,2014-01-31 13:00:00,2014-03,39.31,1300.0,tanshin,140120140130096043,manual
9115,2014-05-15 13:00:00,2015-03,18.13,600.0,tanshin,140120140514064389,
9115,2014-07-31 13:00:00,2015-03,18.13,600.0,tanshin,140120140730023583,
9115,2014-10-30 13:00:00,,,,revision,140120141030068838,notable
9115,2014-10-31 13:00:00,2015-03,18.13,600.0,tanshin,140120141030070140,
9115,2015-01-30 13:00:00,2015-03,66.53,2200.0,tanshin,140120150129014520,
9115,2015-05-15 13:00:00,2016-03,69.49,2300.0,tanshin,140120150514478615,
9115,2015-07-31 13:00:00,2016-03,69.49,2300.0,tanshin,140120150730464803,
9115,2015-10-16 15:00:00,,,,revision,140120151014416028,notable
9115,2015-10-30 13:00:00,2016-03,69.49,2300.0,tanshin,140120151030431241,
9115,2016-01-29 13:00:00,2016-03,36.26,1200.0,tanshin,140120160128498471,
9115,2016-04-28 15:00:00,2016-03,30.21,1000.0,revision,140120160426467993,
9115,2016-05-13 13:00:00,2017-03,27.3,900.0,tanshin,140120160512486989,
9115,2016-07-29 13:00:00,2017-03,27.3,900.0,tanshin,140120160714450358,
9115,2016-10-28 13:00:00,,,,revision,140120161028423997,notable
9115,2016-10-31 13:00:00,2017-03,27.3,900.0,tanshin,140120161026421968,
9115,2017-01-31 13:00:00,2017-03,27.3,900.0,tanshin,140120170130485459,
9115,2017-05-15 13:00:00,2018-03,24.44,800.0,tanshin,140120170509463612,
9115,2017-07-28 13:00:00,2018-03,24.44,800.0,tanshin,140120170725438903,
9115,2017-10-30 13:00:00,,,,revision,140120171030402721,notable
9115,2017-10-31 13:00:00,2018-03,24.44,800.0,tanshin,140120171030402576,
9115,2018-01-31 13:00:00,2018-03,58.04,1900.0,tanshin,140120180130459016,
9115,2018-05-15 13:00:00,2019-03,36.66,1200.0,tanshin,140120180514436881,
9115,2018-07-31 13:00:00,2019-03,36.66,1200.0,tanshin,140120180730487418,
9115,2018-10-30 13:00:00,,,,revision,140120181029424185,notable
9115,2018-10-31 13:00:00,2019-03,36.66,1200.0,tanshin,140120181022420741,
9115,2019-01-31 13:00:00,2019-03,54.98,1800.0,tanshin,140120190131466970,
9115,2019-05-09 13:00:00,2020-03,42.77,1400.0,tanshin,140120190508417781,
9115,2019-07-31 13:00:00,2020-03,42.77,1400.0,tanshin,140120190731479555,
9115,2019-10-30 13:00:00,,,,revision,140120191029414853,notable
9115,2019-10-31 13:00:00,2020-03,42.77,1400.0,tanshin,140120191029414887,
9115,2020-01-31 13:00:00,2020-03,64.15,2100.0,tanshin,140120200129453007,
9115,2020-05-15 13:00:00,2021-03,21.38,700.0,tanshin,140120200514413718,
9115,2020-07-31 13:00:00,2021-03,21.38,700.0,tanshin,140120200731471019,
9115,2020-10-29 13:00:00,,,,revision,140120201028410774,notable
9115,2020-10-30 13:00:00,2021-03,21.38,700.0,tanshin,140120201029411743,
9115,2021-01-29 13:00:00,2021-03,24.3,800.0,tanshin,140120210128451162,
9115,2021-05-13 13:00:00,2021-03,36.53,1200.0,revision,140120210511411856,
9115,2021-05-14 13:00:00,2022-03,23.87,800.0,tanshin,140120210513416973,
9115,2021-07-30 13:00:00,2022-03,23.87,800.0,tanshin,140120210729474397,
9115,2021-10-29 13:00:00,2022-03,74.61,2500.0,revision,140120211028419043,
9115,2021-10-29 13:00:00,2022-03,74.61,2500.0,tanshin,140120211028419027,
9115,2022-01-28 13:00:00,2022-03,74.61,2500.0,tanshin,140120220126573264,
9115,2022-05-13 13:00:00,2023-03,104.45,3500.0,tanshin,140120220512544087,
9115,2022-07-28 13:00:00,2023-03,104.45,3500.0,tanshin,140120220727505408,
9115,2022-10-28 13:00:00,2023-03,163.14,5500.0,revision,140120221026549514,
9115,2022-10-28 13:00:00,2023-03,163.14,5500.0,tanshin,140120221027550479,
9115,2023-01-27 13:00:00,2023-03,163.14,5500.0,tanshin,140120230126593963,
9115,2023-05-12 13:00:00,2024-03,61.75,2100.0,tanshin,140120230511567535,
9115,2023-07-27 13:00:00,2024-03,61.75,2100.0,tanshin,140120230726527141,
9115,2023-10-27 13:00:00,2024-03,118.21,4000.0,revision,140120231027572780,
9115,2023-10-27 13:00:00,2024-03,118.21,4000.0,tanshin,140120231026572577,
9115,2024-01-31 13:00:00,2024-03,118.21,4000.0,tanshin,140120240130521879,
9115,2024-05-15 13:00:00,2025-03,112.56,3800.0,tanshin,140120240514596365,
9115,2024-07-31 13:00:00,2025-03,112.56,3800.0,tanshin,140120240729556824,
9115,2024-10-31 13:00:00,,,,revision,140120241030506088,notable
9115,2024-10-31 13:00:00,2025-03,112.56,3800.0,tanshin,140120241030505951,
9115,2025-01-31 13:00:00,2025-03,112.56,3800.0,tanshin,140120250130558172,
9115,2025-07-30 13:00:00,2026-03,129.67,4400.0,tanshin,140120250728521621,
9115,2025-10-31 13:00:00,2026-03,97.2,3300.0,revision,140120251030583688,
9115,2025-10-31 13:00:00,2026-03,97.2,3300.0,tanshin,140120251030583658,
9115,2026-01-29 13:00:00,2026-03,97.2,3300.0,tanshin,140120260128540114,
9115,2026-05-14 15:00:00,,,,revision,140120260513530442,notable
9115,2026-05-14 15:00:00,2027-03,61.66,2100.0,tanshin,140120260513530388,
9115,2026-07-29 13:00:00,2027-03,61.66,2100.0,tanshin,140120260729501426,
9130,2013-11-07 15:30:00,2014-03,,,tanshin,140120130918025000,noeps
9130,2013-11-07 15:30:00,,,,revision,140120131107054963,notable
9130,2014-02-07 15:00:00,2014-03,5.75,220.0,tanshin,140120140120087648,
9130,2014-02-07 15:00:00,2014-03,5.75,220.0,revision,140120140122088834,
9130,2014-05-09 15:30:00,2015-03,24.84,950.0,tanshin,140120140408035019,
9130,2014-05-09 15:30:00,,,,revision,140120140508056056,notable
9130,2014-08-08 15:00:00,2015-03,19.61,750.0,tanshin,140120140708010397,manual
9130,2014-08-08 15:00:00,,,,revision,140120140725019946,notable
9130,2014-11-07 15:30:00,2015-03,19.61,750.0,tanshin,140120140922047748,manual
9130,2015-02-06 15:30:00,2015-03,14.38,550.0,tanshin,140120150115005931,manual
9130,2015-05-08 15:30:00,2016-03,15.69,600.0,tanshin,140120150403431215,manual
9130,2015-07-17 17:00:00,2016-03,33.99,1300.0,revision,140120150717453325,
9130,2015-08-07 15:30:00,2016-03,33.99,1300.0,tanshin,140120150707444428,manual
9130,2015-11-06 16:00:00,2016-03,33.99,1300.0,tanshin,140120150902489538,manual
9130,2015-11-13 16:00:00,,,,revision,140120151111443615,notable
9130,2016-02-05 15:30:00,2016-03,22.23,850.0,tanshin,140120160119490524,manual
9130,2016-02-05 15:30:00,,,,revision,140120160122493015,notable
9130,2016-05-13 15:30:00,2017-03,31.38,1200.0,tanshin,140120160328444529,manual
9130,2016-08-05 15:30:00,2017-03,31.38,1200.0,tanshin,140120160707445618,manual
9130,2016-11-04 16:00:00,2017-03,31.38,1200.0,tanshin,140120160812475032,manual
9130,2016-11-04 16:00:00,,,,revision,140120161020416844,notable
9130,2017-02-03 15:30:00,2017-03,31.38,1200.0,tanshin,140120170111471841,manual
9130,2017-02-03 15:30:00,,,,revision,140120170131486103,undisclosed
9130,2017-03-24 15:00:00,,,,revision,140120170323425471,notable
9130,2017-05-12 16:00:00,2018-03,31.38,1200.0,tanshin,140120170427453567,
9130,2017-08-10 16:00:00,2018-03,313.81,1200.0,tanshin,140120170724437585,
9130,2017-11-10 16:00:00,2018-03,313.81,1200.0,tanshin,140120171018492756,
9130,2018-02-09 16:00:00,2018-03,313.81,1200.0,tanshin,140120180118452246,
9130,2018-03-27 15:00:00,,,,revision,140120180322494675,notable
9130,2018-05-11 16:00:00,2019-03,169.98,650.0,tanshin,140120180508429010,
9130,2018-08-10 16:00:00,2019-03,169.98,650.0,tanshin,140120180730487352,
9130,2018-11-09 16:00:00,,,,revision,140120181024421839,notable
9130,2018-11-09 16:00:00,2019-03,431.5,1650.0,tanshin,140120181024421840,
9130,2019-02-08 16:00:00,2019-03,431.5,1650.0,tanshin,140120190131466908,
9130,2019-03-08 16:00:00,,,,revision,140120190308487729,notable
9130,2019-05-13 16:00:00,2020-03,196.13,750.0,tanshin,140120190507416189,
9130,2019-08-09 16:00:00,2020-03,196.13,750.0,tanshin,140120190806482960,
9130,2019-11-08 16:00:00,2020-03,196.13,750.0,tanshin,140120191106419792,
9130,2020-02-05 16:00:00,2020-03,261.51,2000.0,tanshin,140120200203455910,
9130,2020-02-05 16:00:00,,,,revision,140120200203455912,notable
9130,2020-05-12 16:00:00,2021-03,32.69,250.0,tanshin,140120200511409369,manual
9130,2020-08-07 16:00:00,2021-03,32.69,250.0,tanshin,140120200806477168,
9130,2020-11-06 16:00:00,2021-03,32.69,250.0,tanshin,140120201104415058,
9130,2020-11-06 16:00:00,,,,revision,140120201104415067,notable
9130,2021-02-05 16:00:00,2021-03,6.54,50.0,tanshin,140120210204456285,manual
9130,2021-05-12 16:00:00,2022-03,26.15,200.0,tanshin,140120210511411614,
9130,2021-05-12 16:00:00,,,,revision,140120210511411644,notable
9130,2021-08-06 16:00:00,2022-03,117.68,900.0,tanshin,140120210804478195,
9130,2021-08-06 16:00:00,,,,revision,140120210805480237,notable
9130,2021-11-05 16:00:00,2022-03,117.68,900.0,tanshin,140120211104425264,
9130,2022-02-04 16:00:00,2022-03,117.68,900.0,tanshin,140120220203579745,
9130,2022-05-11 16:00:00,2023-03,52.3,400.0,tanshin,140120220510537674,
9130,2022-05-11 16:00:00,,,,revision,140120220510537665,notable
9130,2022-08-05 16:00:00,2023-03,130.76,1000.0,tanshin,140120220804512169,
9130,2022-08-05 16:00:00,,,,revision,140120220804512215,notable
9130,2022-11-04 16:00:00,2023-03,130.76,1000.0,tanshin,140120221104556271,
9130,2022-11-04 16:00:00,,,,revision,140120221104556290,notable
9130,2023-02-03 16:00:00,2023-03,130.76,1000.0,tanshin,140120230130595473,
9130,2023-05-12 16:00:00,2024-03,9.15,70.0,tanshin,140120230509561482,
9130,2023-08-04 16:00:00,2024-03,9.15,70.0,tanshin,140120230804534110,
9130,2023-08-04 16:00:00,,,,revision,140120230804534118,notable
9130,2023-11-02 16:00:00,2024-03,-36.61,-280.0,tanshin,140120231031575640,
9130,2023-11-02 16:00:00,,,,revision,140120231031575834,notable
9130,2024-02-02 16:00:00,2024-03,5.23,40.0,tanshin,140120240201523967,
9130,2024-02-02 16:00:00,,,,revision,140120240201523978,notable
9130,2024-05-10 16:00:00,2025-03,627.64,4800.0,tanshin,140120240509585734,
9130,2024-05-10 16:00:00,,,,revision,140120240509585736,notable
9130,2024-08-02 16:00:00,2025-03,627.64,4800.0,tanshin,140120240729556401,
9130,2024-11-01 16:00:00,,,,revision,140120241030505977,notable
9130,2024-11-01 16:00:00,2025-03,647.25,4950.0,tanshin,140120241030505943,
9130,2025-02-07 16:00:00,2025-03,647.25,4950.0,tanshin,140120250204562749,
9130,2025-05-09 16:00:00,2026-03,248.44,1900.0,tanshin,140120250509537235,
9130,2025-08-01 16:00:00,2026-03,26.15,200.0,tanshin,140120250801527205,
9130,2025-08-01 16:00:00,,,,revision,140120250801527213,undisclosed
9130,2025-11-07 16:00:00,2026-03,26.15,200.0,tanshin,140120251107592168,
9130,2026-02-05 16:00:00,2026-03,26.15,200.0,tanshin,140120260205548106,
9130,2026-05-13 16:00:00,2027-03,169.99,1300.0,tanshin,140120260513529951,
9130,2026-05-13 16:00:00,,,,revision,140120260513529989,notable
9130,2026-08-05 16:00:00,2027-03,483.81,3700.0,tanshin,140120260805509760,
9130,2026-08-05 16:00:00,,,,revision,140120260805509769,notable
