グループ,コード,銘柄名
地銀,8541,愛媛銀行
地銀,8551,北日本銀行
地銀,8713,フィデアホールディングス
地銀,8388,阿波銀行
地銀,7389,あいちフィナンシャルグループ
地銀,8344,山形銀行
地銀,8343,秋田銀行
地銀,8362,福井銀行
地銀,7184,富山第一銀行
地銀,7384,プロクレアホールディングス
地銀,8364,清水銀行
地銀,8600,トモニホールディングス
地銀,7381,ＣＣＩグループ
地銀,8399,琉球銀行
地銀,8542,トマト銀行
地銀,8346,東邦銀行
地銀,8392,大分銀行
地銀,8345,岩手銀行
地銀,8387,四国銀行
地銀,8395,佐賀銀行
地銀,7322,三十三フィナンシャルグループ
地銀,5830,いよぎんホールディングス
地銀,8368,百五銀行
地銀,7350,おきなわフィナンシャルグループ
地銀,8358,スルガ銀行
地銀,8360,山梨中央銀行
地銀,8386,百十四銀行
地銀,8383,鳥取銀行
地銀,8524,北洋銀行
地銀,8393,宮崎銀行
地銀,8334,群馬銀行
地銀,8522,名古屋銀行
地銀,7327,第四北越フィナンシャルグループ
地銀,8377,ほくほくフィナンシャルグループ
地銀,5831,しずおかフィナンシャルグループ
地銀,7167,めぶきフィナンシャルグループ
地銀,8563,大東銀行
地銀,8366,滋賀銀行
地銀,8338,筑波銀行
地銀,8550,栃木銀行
地銀,8381,山陰合同銀行
地銀,8349,東北銀行
地銀,8341,七十七銀行
地銀,7161,じもとホールディングス
地銀,8337,千葉興業銀行
地銀,7380,十六フィナンシャルグループ
地銀,8544,京葉銀行
地銀,7189,西日本フィナンシャルホールディングス
地銀,8370,紀陽銀行
地銀,5832,ちゅうぎんフィナンシャルグループ
地銀,7150,島根銀行
地銀,8331,千葉銀行
地銀,8336,武蔵野銀行
地銀,8354,ふくおかフィナンシャルグループ
地銀,8361,大垣共立銀行
地銀,7337,ひろぎんホールディングス
地銀,8365,富山銀行
地銀,8714,池田泉州ホールディングス
地銀,8359,八十二長野銀行
地銀,8367,南都銀行
地銀,7186,横浜フィナンシャルグループ
地銀,8418,山口フィナンシャルグループ
地銀,8562,福島銀行
地銀,8537,大光銀行
地銀,7180,九州フィナンシャルグループ
地銀,5844,京都フィナンシャルグループ
地銀,7173,東京きらぼしフィナンシャルグループ
地銀,8558,東和銀行
地銀,8416,高知銀行
SaaS,4478,フリー
SaaS,2492,インフォＭＴ
SaaS,4475,ＨＥＮＮＧＥ
SaaS,5243,ノート
SaaS,4180,Ａｐｐｉｅｒ
SaaS,4169,エネチェンジ
SaaS,4165,プレイド
SaaS,3994,マネフォ
SaaS,4746,東計電算
SaaS,4443,Ｓａｎｓａｎ
SaaS,4733,ＯＢＣ
SaaS,9425,ＲｅＹｕｕ
SaaS,5137,スマートＤ
SaaS,4776,サイボウズ
SaaS,3762,テクマト
SaaS,5129,ＦＩＸＥＲ
SaaS,4258,網屋
SaaS,5029,サークレイス
SaaS,4448,ｋｕｂｅｌｌ
SaaS,4170,カイゼン
SaaS,558A,スクイーズ
SaaS,431A,ユーソナー
SaaS,4689,ラインヤフー
SaaS,4684,オービック
SaaS,3673,ブロドリーフ
SaaS,4370,モビルス
SaaS,4194,ビジョナル
SaaS,2326,デジアーツ
SaaS,9629,ＰＣＡ
SaaS,6701,ＮＥＣ
SaaS,5038,ｅＷｅＬＬ
SaaS,3923,ラクス
SaaS,7383,ネットプロ
SaaS,3626,ＴＩＳＩ
SaaS,7068,ＦフォースＧ
SaaS,5258,ＴＭＮ
SaaS,4381,ビープラッツ
SaaS,330A,タレントＸ
SaaS,441A,ＮＥ
SaaS,4020,ビートレンド
SaaS,4784,ＧＭＯインタ
SaaS,4167,ココペリ
SaaS,5621,ヒューマンＴ
SaaS,153A,カウリス
SaaS,9692,シーイーシー
SaaS,2327,ＮＳＳＯＬ
SaaS,5588,ファーストＡ
SaaS,3916,ＤＩＴ
SaaS,3993,パークシャ
SaaS,3491,ＧＡテクノ
SaaS,6702,富士通
SaaS,4019,スタメン
SaaS,7095,マクビープラ
SaaS,3850,ＮＴＴＤイン
SaaS,7366,りたりこ
SaaS,3843,フリービット
SaaS,6836,ぷらっと
SaaS,7527,システムソフ
SaaS,9928,ミロク情報
SaaS,4811,ドリムアーツ
SaaS,460A,ＢＲＡＮＵ
SaaS,2436,共同ＰＲ
SaaS,2323,ｆｏｎｆｕｎ
SaaS,4493,サイバーセキ
SaaS,3940,ノムラシス
SaaS,3991,ウォンテッド
SaaS,3900,クラウドＷ
SaaS,5255,モンラボ
SaaS,4412,サイエンスＡ
SaaS,3632,グリーＨＤ
SaaS,269A,Ｓａｐｅｅｔ
SaaS,3636,三菱総研
SaaS,4397,チムスピ
SaaS,9432,ＮＴＴ
SaaS,4192,スパイダー
SaaS,4495,ｉ３
SaaS,366A,ウェルネス
SaaS,3826,ＳＩ
SaaS,9709,ＮＣＳ＆Ａ
SaaS,145A,エルイズビー
SaaS,8056,ビプロジー
SaaS,4256,サインド
SaaS,4372,ユミルリンク
SaaS,5591,アヴィレン
SaaS,4716,日本オラクル
SaaS,3917,アイリッジ
SaaS,4389,プロパテＤＢ
SaaS,3796,いい生活
SaaS,5036,ＪＢＳ
SaaS,4428,シノプス
SaaS,4072,電算システム
SaaS,4414,フレクト
SaaS,9216,ビーウィズ
SaaS,5619,マーソ
SaaS,5025,マーキュリー
SaaS,4168,ヤプリ
SaaS,4060,ｒａｋｕｍｏ
SaaS,5256,フュージック
SaaS,3979,うるる
SaaS,5257,ノバシステム
SaaS,3962,チェンジＨＤ
SaaS,3837,アドソル日進
SaaS,4379,フォトシンス
SaaS,3985,テモナ
SaaS,7793,イメージＭ
SaaS,550A,ソフトテック
SaaS,9211,エフ・コード
SaaS,5582,グリッド
SaaS,476A,辻本郷ＩＴＣ
SaaS,6088,シグマクシス
SaaS,554A,バトンズ
SaaS,3983,オロ
SaaS,9433,ＫＤＤＩ
SaaS,415A,ＧＭＯテック
SaaS,4845,スカラ
SaaS,7065,ｕｐｒ
SaaS,4374,ロボペイ
SaaS,4825,ＷＮＩウェザ
SaaS,6081,アライドアキ
SaaS,332A,ミーク
SaaS,5033,ヌーラボ
SaaS,9258,ＣＳ－Ｃ
SaaS,4382,ＨＥＲＯＺ
SaaS,4284,ソルクシーズ
SaaS,5034,ウネリー
SaaS,8157,都築電
SaaS,5248,テクノロジー
SaaS,304A,フォルシア
SaaS,4442,バルテスＨＤ
SaaS,9698,クレオ
SaaS,3804,システムディ
SaaS,4015,ペイクラウド
SaaS,4419,フィナＨＤ
SaaS,3816,大和コン
SaaS,8424,芙蓉リース
SaaS,4391,ロジザード
SaaS,3848,データアプリ
SaaS,7325,アイリック
SaaS,166A,タスキＨＤ
SaaS,3969,エイトレッド
SaaS,303A,ｖｉｓｕｍｏ
SaaS,156A,マテリアルＧ
SaaS,9561,グラッドＣ
SaaS,220A,ファベル
SaaS,9417,スマバ
SaaS,2980,ＳＲＥＨＤ
SaaS,6662,ユビテック
SaaS,4422,ＶＮＸ
SaaS,7351,グッドパッチ
SaaS,3393,スタティアＨ
SaaS,4685,菱友システム
SaaS,137A,ココリブ
SaaS,7060,ギークス
SaaS,4388,エーアイ
SaaS,3853,アステリア
SaaS,6037,楽待
SaaS,3909,ショーケース
SaaS,3648,ＡＧＳ
SaaS,5028,セカンドＸ
SaaS,1431,リブワーク
SaaS,4392,ＦＩＧ
SaaS,4057,インタファク
SaaS,519A,ベーシック
SaaS,5571,エキサイト
SaaS,4416,トゥルーＤ
SaaS,6867,リーダー電子
SaaS,4496,コマースワン
SaaS,9254,ラバブルＭＧ
SaaS,323A,フライヤー
SaaS,343A,ＩＡＣＥトラ
SaaS,5134,ＰＯＰＥＲ
SaaS,3680,ホットリンク
SaaS,4166,かっこ
SaaS,4378,ＣＩＮＣ
SaaS,4259,エクサＷｉｚ
SaaS,4264,セキュア
SaaS,298A,ＧＶＡテック
SaaS,9253,スローガン
SaaS,6047,Ｇｕｎｏｓｙ
SaaS,3744,サイオス
SaaS,3915,テラスカイ
SaaS,3986,ビーブレイク
SaaS,3776,ＢＢタワー
SaaS,3984,ユーザーロカ
SaaS,5131,リンカーズ
SaaS,4071,ＰＡコンサル
SaaS,4179,ジーネクスト
SaaS,149A,シンカ
SaaS,3905,データセク
非TOPIX,278A,テラドローン
非TOPIX,4478,フリー
非TOPIX,581A,GO
非TOPIX,446A,ノースサンド
非TOPIX,5027,AnyMind G
非TOPIX,4588,オンコリスバイオF
非TOPIX,4475,HENNGE
非TOPIX,5243,note
非TOPIX,219A,ハートシード
非TOPIX,7803,ブシロード
非TOPIX,3989,シェアリングテクノ
非TOPIX,4894,クオリプス
非TOPIX,4417,GセキュリティE
非TOPIX,4847,インテリウェイブ
非TOPIX,296A,令和アカウンHLD
非TOPIX,3350,メタプラネット
非TOPIX,141A,トライアルHLD
非TOPIX,4431,スマレジ
非TOPIX,247A,Aiロボティクス
非TOPIX,4377,ワンキャリア
非TOPIX,5253,カバー
非TOPIX,3825,リミックスポイント
非TOPIX,7774,JPNティッシュE
非TOPIX,4258,網屋
非TOPIX,8066,三谷商事
非TOPIX,299A,クラシル
非TOPIX,2805,ヱスビー食品
非TOPIX,6574,コンヴァノ
非TOPIX,9166,GENDA
非TOPIX,6016,ジャパンエンジン
非TOPIX,2705,大戸屋HLD
非TOPIX,1847,イチケン
非TOPIX,9115,明海グループ
非TOPIX,2820,やまみ
非TOPIX,590A,ギフティグループ
非TOPIX,4816,東映アニメーション
非TOPIX,6637,寺崎電気産業
非TOPIX,5161,西川ゴム工業
非TOPIX,7279,ハイレックスコーポ
非TOPIX,215A,タイミー
非TOPIX,290A,シンスペクティブ
非TOPIX,3733,ソフトウェアサービ
非TOPIX,6083,ERIHLD
非TOPIX,325A,TENTIAL
非TOPIX,7806,MTG
非TOPIX,3399,丸千代山岡家
非TOPIX,7059,コプロHLD
非TOPIX,4593,ヘリオス
非TOPIX,7177,GMOFHLD
非TOPIX,7906,ヨネックス
非TOPIX,3491,GAテクノロジーズ
非TOPIX,6249,ゲームカードHLD
非TOPIX,1965,テクノ菱和
非TOPIX,6625,JALCOHLD
非TOPIX,4463,日華化学
非TOPIX,4477,BASE
非TOPIX,2782,セリア
非TOPIX,3355,クリヤマHLD
非TOPIX,9467,アルファポリス
非TOPIX,6946,日本アビオニクス
非TOPIX,6675,サクサ
非TOPIX,4619,日本特殊塗料
非TOPIX,1814,大末建設
非TOPIX,6231,木村工機
非TOPIX,6425,ユニバーサルエンタ
非TOPIX,4107,伊勢化学工業
非TOPIX,3864,三菱製紙
非TOPIX,1407,ウエストHLD
非TOPIX,6023,ダイハツインフィニ
非TOPIX,8704,トレイダーズHLD
非TOPIX,3010,ポラリスHLD
非TOPIX,3159,丸善CHIHLD
非TOPIX,2160,GNIグループ
非TOPIX,4293,セプテーニHLD
非TOPIX,9441,ベルパーク
非TOPIX,3692,FFRIセキュリテ
非TOPIX,8914,エリアリンク
非TOPIX,1921,巴コーポレーション
非TOPIX,9906,藤井産業
非TOPIX,4771,エフアンドエム
非TOPIX,8596,九州リースサービス
非TOPIX,8139,ナガホリ
非TOPIX,8117,中央自動車工業
非TOPIX,2702,日本マクドナルドH
非TOPIX,6357,三精テクノロジーズ
非TOPIX,319A,技術承継機構
非TOPIX,456A,ヒューマンメイド
非TOPIX,3479,TKP
非TOPIX,6960,フクダ電子
非TOPIX,4375,セーフィー
非TOPIX,287A,黒田グループ
非TOPIX,4972,綜研化学
非TOPIX,5982,マルゼン
非TOPIX,1827,ナカノフドー建設
非TOPIX,7412,アトム
非TOPIX,4094,日本化学産業
非TOPIX,7460,ヤギ
非TOPIX,6932,遠藤照明
非TOPIX,1793,大本組
非TOPIX,7716,ナカニシ
非TOPIX,9368,キムラユニティー
非TOPIX,5261,リソルHLD
非TOPIX,9436,沖縄セルラー電話
非TOPIX,9687,KSK
非TOPIX,4365,松本油脂製薬
非TOPIX,2588,プレミアムウォタH
非TOPIX,2498,オリエンタルコンH
非TOPIX,7971,東リ
非TOPIX,7777,3-Dマトリックス
非TOPIX,197A,タウンズ
非TOPIX,7287,日本精機
非TOPIX,5304,SECカーボン
非TOPIX,8198,マックスバリュ東海
非TOPIX,4419,FinatextH
非TOPIX,2790,ナフコ
非TOPIX,9733,ナガセ
非TOPIX,4832,JFEシステムズ
非TOPIX,4592,サンバイオ
非TOPIX,1967,ヤマト
非TOPIX,2208,ブルボン
非TOPIX,166A,タスキHLD
非TOPIX,2226,湖池屋
非TOPIX,6366,千代田化工建設
非TOPIX,2612,かどや製油
非TOPIX,9639,三協フロンテア
非TOPIX,186A,アストロスケールH
非TOPIX,1904,大成温調
非TOPIX,2831,はごろもフーズ
非TOPIX,9845,パーカーコーポ
非TOPIX,147A,ソラコム
非TOPIX,5842,インテグラル
非TOPIX,5834,SBIリーシングS
非TOPIX,9823,マミーマートHLD
非TOPIX,1723,日本電技
非TOPIX,2923,サトウ食品
非TOPIX,2669,カネ美食品
非TOPIX,8844,コスモスイニシア
非TOPIX,2751,テンポスHLD
非TOPIX,2986,LAHLD
非TOPIX,7749,メディキット
非TOPIX,7326,SBIインシュアG
非TOPIX,1799,第一建設工業
非TOPIX,4392,FIG
非TOPIX,5184,ニチリン
非TOPIX,2216,カンロ
非TOPIX,6144,西部電機
非TOPIX,2221,岩塚製菓
非TOPIX,2573,北海道コカ・コーラ
非TOPIX,3299,ムゲンエステート
非TOPIX,135A,VRAINソリュ
非TOPIX,9539,京葉瓦斯
非TOPIX,9028,ゼロ
非TOPIX,1736,オーテック
非TOPIX,2653,イオン九州
非TOPIX,9708,帝国ホテル
非TOPIX,1948,弘電社
非TOPIX,2393,日本ケアサプライ
非TOPIX,1909,日本ドライケミカル
非TOPIX,9348,ispace
非TOPIX,2268,サーティワンアイス
非TOPIX,6993,大黒屋HLD
非TOPIX,2329,東北新社
非TOPIX,8508,Jトラスト
非TOPIX,9661,歌舞伎座
非TOPIX,4464,ソフト99コーポ
非TOPIX,2780,コメ兵HLD
非TOPIX,8699,HSホールディング
非TOPIX,7292,村上開明堂
非TOPIX,4259,エクサウィザーズ
非TOPIX,4628,エスケー化研
非TOPIX,6736,サン電子
非TOPIX,1811,錢高組
非TOPIX,464A,QPSHLD
非TOPIX,6648,かわでん
非TOPIX,6677,エスケーエレクトロ
非TOPIX,485A,パワーエックス
非TOPIX,4088,エア・ウォーター
非TOPIX,6594,ニデック
非TOPIX,6226,守谷輸送機工業
非TOPIX,7564,ワークマン
非TOPIX,6824,新コスモス電機
非TOPIX,7779,サイバーダイン
非TOPIX,6890,フェローテック
非TOPIX,7685,BuySell
非TOPIX,5290,ベルテクスコーポ
非TOPIX,7409,AeroEdge
非TOPIX,6994,指月電機製作所
非TOPIX,6834,精工技研
非TOPIX,6627,テラプローブ
非TOPIX,6227,AIメカテック
非TOPIX,6524,湖北工業
非TOPIX,255A,ジーエルテクノHD
非TOPIX,2938,オカムラ食品工業
非TOPIX,6223,西部技研
非TOPIX,6145,NITTOKU
非TOPIX,6613,QDレーザ
非TOPIX,4966,上村工業
非TOPIX,6777,santecHLD
非TOPIX,4970,東洋合成工業
非TOPIX,3891,ニッポン高度紙工業
非TOPIX,6521,オキサイド
非TOPIX,3449,テクノフレックス
非TOPIX,3905,データセクション
エンタメ,5575,グロービー
エンタメ,2767,円谷フィＨＤ
エンタメ,6570,共和コーポ
エンタメ,7803,ブシロード
エンタメ,9722,藤田観
エンタメ,9278,ブックオフＧ
エンタメ,6098,リクルート
エンタメ,3697,ＳＨＩＦＴ
エンタメ,472A,ミラティブ
エンタメ,7094,ネクストーン
エンタメ,7832,バンナムＨＤ
エンタメ,3676,デジハＨＤ
エンタメ,3851,日本一ソフト
エンタメ,6862,ミナトＨＤ
エンタメ,9697,カプコン
エンタメ,7138,ＴＯＲＩＣＯ
エンタメ,5253,カバー
エンタメ,8789,フィンテック
エンタメ,7552,ハピネット
エンタメ,6460,セガサミー
エンタメ,299A,クラシル
エンタメ,4393,バンクオブイ
エンタメ,4689,ラインヤフー
エンタメ,8136,サンリオ
エンタメ,505A,ギークリー
エンタメ,9166,ＧＥＮＤＡ
エンタメ,3793,ドリコム
エンタメ,4175,コリー
エンタメ,3661,エムアップ
エンタメ,4816,東映アニメ
エンタメ,7974,任天堂
エンタメ,4446,リンクユーＧ
エンタメ,4661,ＯＬＣ
エンタメ,4680,ラウンドワン
エンタメ,9602,東宝
エンタメ,3121,マーチャント
エンタメ,4286,ＣＬＨＤ
エンタメ,264A,Ｓｃｈｏｏ
エンタメ,7867,タカラトミー
エンタメ,2433,博報堂ＤＹ
エンタメ,9766,コナミＧ
エンタメ,9603,ＨＩＳ
エンタメ,6758,ソニーＧ
エンタメ,6625,ＪＡＬＣＯ
エンタメ,9633,テアトル
エンタメ,3134,Ｈａｍｅｅ
エンタメ,9684,スクエニＨＤ
エンタメ,500A,ＴＯブックス
エンタメ,4324,電通グループ
エンタメ,7359,東京通信Ｇ
エンタメ,2436,共同ＰＲ
エンタメ,7844,マーベラス
エンタメ,6676,ＢＵＦ
エンタメ,6430,ダイコク電
エンタメ,7951,ヤマハ
エンタメ,3657,ポールＨＤ
エンタメ,9467,アルファＰ
エンタメ,3632,グリーＨＤ
エンタメ,9468,カドカワ
エンタメ,4337,ぴあ
エンタメ,6580,ライトアップ
エンタメ,4199,ワンプラ
エンタメ,7819,粧美堂
エンタメ,3663,セルシス
エンタメ,7608,ＳＫジャパン
エンタメ,2330,フォーサイド
エンタメ,7640,トップカルチ
エンタメ,6307,サンセイ
エンタメ,2652,まんだらけ
エンタメ,4343,イオンファン
エンタメ,8001,伊藤忠
エンタメ,2681,ゲオＨＤ
エンタメ,2353,日本駐車場
エンタメ,7458,第一興商
エンタメ,3070,ジェリビンズ
エンタメ,3635,コーテクＨＤ
エンタメ,4755,楽天グループ
エンタメ,3416,ピクスタ
エンタメ,2338,クオンタムＳ
エンタメ,3156,レスター
エンタメ,3723,ファルコム
エンタメ,3765,ガンホー
エンタメ,1491,中外鉱
エンタメ,3181,買取王国
エンタメ,9438,ＭＴＩ
エンタメ,6357,三精テクノロ
エンタメ,7984,コクヨ
エンタメ,6694,ズーム
エンタメ,9042,阪急阪神
エンタメ,9010,富士急
エンタメ,2371,カカクコム
エンタメ,365A,伊沢タオル
エンタメ,7804,Ｂ＆Ｐ
エンタメ,9404,日テレＨＤ
エンタメ,334A,ＶＰＪ
エンタメ,212A,ＦＥＡＳＹ
エンタメ,3758,アエリア
エンタメ,9159,ＷＴＯＫＹＯ
エンタメ,7860,エイベックス
エンタメ,9632,スバル
エンタメ,4829,日エンター
エンタメ,3698,ＣＲＩ
エンタメ,4014,カラダノート
エンタメ,6050,イーガーディ
エンタメ,4382,ＨＥＲＯＺ
エンタメ,3326,ランシステム
エンタメ,7371,Ｚｅｎｋｅｎ
エンタメ,4772,ＳＭＥＪ
エンタメ,4059,まぐまぐ
エンタメ,3641,パピレス
エンタメ,3634,ソケッツ
エンタメ,6428,オーイズミ
エンタメ,9605,東映
エンタメ,3662,エイチーム
エンタメ,4676,フジＨＤ
エンタメ,2481,タウンＮ
エンタメ,7078,ＩＮＣＨＤ
エンタメ,4301,アミューズ
エンタメ,7952,河合楽
エンタメ,9048,名鉄
エンタメ,9041,近鉄ＧＨＤ
エンタメ,7814,日本創発Ｇ
エンタメ,303A,ｖｉｓｕｍｏ
エンタメ,6803,ティアック
エンタメ,4644,イマジニア
エンタメ,4347,ブロメディア
エンタメ,9478,ＳＥＨＩ
エンタメ,6238,フリュー
エンタメ,7067,ブランドＴ
エンタメ,9601,松竹
エンタメ,4376,くふうカンパ
エンタメ,4751,サイバー
エンタメ,9414,ＢＳ１１
エンタメ,6819,伊豆シャボ
エンタメ,3823,ＷＨＤＣ
エンタメ,4728,トーセ
エンタメ,9001,東武
エンタメ,3058,三洋堂ＨＤ
エンタメ,9565,ＧＬＯＥ
エンタメ,7035,アンファク
エンタメ,5031,モイ
エンタメ,4800,オリコン
エンタメ,6578,コレックＨＤ
エンタメ,8202,ラオックス
エンタメ,2304,ＣＳＳ
エンタメ,7865,ピープル
エンタメ,7356,レッティ
エンタメ,9409,テレ朝ＨＤ
エンタメ,9635,武蔵野
エンタメ,3935,エディア
エンタメ,9413,テレ東ＨＤ
エンタメ,2469,ヒビノ
エンタメ,7809,寿屋
エンタメ,9636,きんえい
エンタメ,2180,サニーサイド
エンタメ,2388,ウェッジＨＤ
エンタメ,3550,ＡＴＡＯ
エンタメ,3627,テクミラ
エンタメ,3185,夢展望
エンタメ,9656,グリンランド
エンタメ,7374,コンフインタ
エンタメ,323A,フライヤー
エンタメ,414A,オーバラップ
エンタメ,6875,メガチップス
エンタメ,7610,テイツー
エンタメ,6185,ＳＭＮ
エンタメ,2329,東北新社
エンタメ,9978,文教堂ＧＨＤ
エンタメ,8508,Ｊトラスト
エンタメ,9661,歌舞伎
エンタメ,6029,アトラＧ
エンタメ,6552,ゲームウィズ
エンタメ,6047,Ｇｕｎｏｓｙ
エンタメ,6763,帝通工
エンタメ,9401,ＴＢＳＨＤ
エンタメ,7038,フロンティＭ
エンタメ,6632,ＪＶＣケンウ
エンタメ,248A,キッズスター
エンタメ,7419,ノジマ
エンタメ,2334,イオレ
エンタメ,6634,ＪＮグループ
エンタメ,5250,ＧＭＯプラ
エンタメ,7818,トランザク
エンタメ,7944,ローランド
エンタメ,3656,ＫＬａｂ
エンタメ,3667,ｅｎｉｓｈ
エンタメ,3686,ＤＬＥ
エンタメ,3791,ＩＧポート
エンタメ,157A,Ｇモンスター
エンタメ,9984,ＳＢＧ
エンタメ,7048,ベルトラ
エンタメ,9412,スカＪＳＡＴ
エンタメ,8783,ａｂｃ
エンタメ,6479,ミネベア
コンサル,150A,ＪＳＨ
コンサル,446A,ノースサンド
コンサル,4722,フューチャー
コンサル,4394,エクスＭ
コンサル,7094,ネクストーン
コンサル,9889,ＪＢＣＣＨＤ
コンサル,6532,ベイカレント
コンサル,4828,ビーエンジ
コンサル,4396,システムサポ
コンサル,296A,令和ＡＨ
コンサル,4833,Ｄｅｆコン
コンサル,3350,メタプラ
コンサル,9344,アクシスＣ
コンサル,9556,イントループ
コンサル,4255,ＴＨＥＣＯＯ
コンサル,6572,オープンＧ
コンサル,438A,インフ
コンサル,4170,カイゼン
コンサル,8362,福井銀
コンサル,4373,シンプレクス
コンサル,3195,ジェネパ
コンサル,558A,スクイーズ
コンサル,9236,ジャパンＭＡ
コンサル,2170,ＬＩＮＫ＆Ｍ
コンサル,4819,Ｄガレージ
コンサル,4370,モビルス
コンサル,6574,コンヴァノ
コンサル,4194,ビジョナル
コンサル,5537,アルバリンク
コンサル,421A,ムービン
コンサル,3933,チエル
コンサル,7381,ＣＣＩＧ
コンサル,6573,ＣＲＡＶＩＡ
コンサル,9564,ＦＣＥ
コンサル,6184,鎌倉新書
コンサル,8345,岩手銀
コンサル,6200,インソース
コンサル,441A,ＮＥ
コンサル,286A,ユカリア
コンサル,3803,イメージ情報
コンサル,8368,百五銀
コンサル,6199,セラク
コンサル,7033,ＭＳＯＬ
コンサル,3498,霞ヶ関Ｃ
コンサル,7063,バードマン
コンサル,9279,ギフトＨＤ
コンサル,477A,スタートＬ
コンサル,153A,カウリス
コンサル,9237,笑美面
コンサル,3277,サンセイラン
コンサル,3901,Ｍラインズ
コンサル,7694,いつも
コンサル,4196,ネオマーケ
コンサル,6044,三機サービス
コンサル,9746,ＴＫＣ
コンサル,3913,ＧｒｅｅｎＢ
コンサル,6080,Ｍ＆Ａキャピ
コンサル,254A,ＡＩＦＣＧ
コンサル,2342,トランスＧＧ
コンサル,6625,ＪＡＬＣＯ
コンサル,8383,鳥取銀
コンサル,4019,スタメン
コンサル,7095,マクビープラ
コンサル,3996,サインポスト
コンサル,8393,宮崎銀
コンサル,4174,アピリッツ
コンサル,3850,ＮＴＴＤイン
コンサル,4324,電通グループ
コンサル,4307,野村総研
コンサル,2124,ジェイエイシ
コンサル,9928,ミロク情報
コンサル,4450,パワーソリュ
コンサル,3467,アグレ都市
コンサル,4326,インテージＨ
コンサル,7354,Ｄｍミックス
コンサル,2436,共同ＰＲ
コンサル,3976,シャノン
コンサル,9326,関通ＨＤ
コンサル,369A,エータイ
コンサル,2175,エスエムエス
コンサル,4687,ＴＤＣソフト
コンサル,8381,山陰合銀
コンサル,300A,ＭＩＣ
コンサル,7781,平山
コンサル,8341,七十七
コンサル,9563,アトラスＴ
コンサル,6580,ライトアップ
コンサル,3836,アバントＧ
コンサル,9553,マイクロアド
コンサル,3636,三菱総研
コンサル,9554,エイビック
コンサル,7752,リコー
コンサル,7090,リグア
コンサル,8704,トレイダーズ
コンサル,9562,ビジコーチ
コンサル,3917,アイリッジ
コンサル,3692,ＦＦＲＩ
コンサル,5832,ちゅうぎんＦ
コンサル,4389,プロパテＤＢ
コンサル,2195,アミタＨＤ
コンサル,2307,クロスキャト
コンサル,7360,オンデック
コンサル,4479,マクアケ
コンサル,9240,デリバリコン
コンサル,8929,青山財産
コンサル,9168,ライズＣＧ
コンサル,4765,ＳＢＩＧＡＭ
コンサル,4287,ジャストプラ
コンサル,4771,Ｆ＆Ｍ
コンサル,9757,船井総研ＨＤ
コンサル,9216,ビーウィズ
コンサル,6078,バリューＨＲ
コンサル,7192,日本モゲジＳ
コンサル,4386,ＳＩＧＧ
コンサル,3970,イノベーショ
コンサル,4490,ビザスク
コンサル,4053,サンアスタ
コンサル,3360,シップＨＤ
コンサル,7072,インテＭ
コンサル,7343,Ｂマインド
コンサル,7681,レオクラン
コンサル,4923,ＣＯＴＡ
コンサル,3962,チェンジＨＤ
コンサル,9702,アイエスビー
コンサル,7066,ピアズ
コンサル,3965,キャピタルＡ
コンサル,3474,Ｇ－ＦＡＣ
コンサル,4814,ネクスウェア
コンサル,4074,ラキール
コンサル,2982,ＡＤＷＧ
コンサル,4486,ユナイト
コンサル,3562,Ｎｏ．１
コンサル,476A,辻本郷ＩＴＣ
コンサル,4792,山田コンサル
コンサル,554A,バトンズ
コンサル,9658,ビジ太田昭
コンサル,7042,アクセスＨＤ
コンサル,4387,ＺＵＵ
コンサル,3151,バイタルＫＳ
コンサル,2127,日本Ｍ＆Ａ
コンサル,4845,スカラ
コンサル,3939,カナミックＮ
コンサル,2152,幼児活動研
コンサル,9145,ビイングＨＤ
コンサル,6942,ソフィア
コンサル,4657,環境管理
コンサル,6196,ストライクＧ
コンサル,7087,ウイルテック
コンサル,1717,明豊ファシリ
コンサル,4499,スピー
コンサル,2459,アウン
コンサル,7371,Ｚｅｎｋｅｎ
コンサル,4442,バルテスＨＤ
コンサル,4356,応用技術
コンサル,3988,ＳＹＳＨＤ
コンサル,9753,ＩＸナレッジ
コンサル,3967,エルテス
コンサル,7908,ＫＩＭＯＴＯ
コンサル,6035,ＩＲジャパン
コンサル,4013,勤次郎
コンサル,5867,エスネット
コンサル,7172,ＪＩＡ
コンサル,410A,ＧＭＯコマス
コンサル,7868,広済堂ＨＤ
コンサル,3816,大和コン
コンサル,9644,タナベＣＧ
コンサル,7078,ＩＮＣＨＤ
コンサル,335A,ミライロ
コンサル,6183,ベル２４ＨＤ
コンサル,156A,マテリアルＧ
コンサル,2449,プラップＪ
コンサル,7067,ブランドＴ
コンサル,4376,くふうカンパ
コンサル,147A,ソラコム
コンサル,3452,ビーロット
コンサル,9330,揚羽
コンサル,7782,シンシア
コンサル,8769,アドバンＲＭ
コンサル,5842,インテグラル
コンサル,5618,ナイル
コンサル,4398,ＢＢＳｅｃ
コンサル,9610,ウィルソンＷ
コンサル,5871,ＳＯＬＩＺＥ
コンサル,6093,ミトラＧ
コンサル,2980,ＳＲＥＨＤ
コンサル,7046,ＴＤＳＥ
コンサル,189A,ＤＭカンパニ
コンサル,4422,ＶＮＸ
コンサル,3393,スタティアＨ
コンサル,3928,マイネット
コンサル,7034,プロレド
コンサル,2975,スターマイカ
コンサル,3150,グリムス
コンサル,3682,エンカレッジ
コンサル,7361,ＨＣＨ
コンサル,192A,インテＧ
コンサル,6555,ＭＳコンサル
コンサル,9325,ファイズＨＤ
コンサル,5028,セカンドＸ
コンサル,9225,ブリッジＧ
コンサル,6560,ＬＴＳ
コンサル,331A,メディックス
コンサル,8275,フォーバル
コンサル,3779,Ｊエスコム
コンサル,9235,売れるＧ
コンサル,5078,セレ
コンサル,6563,みらいＷＫＳ
コンサル,7049,識学
コンサル,4310,ドリームＩ
コンサル,7555,大田花き
コンサル,3920,アイビーシー
コンサル,6049,イトクロ
コンサル,6549,ＤＭソリュ
コンサル,7367,セルム
コンサル,3267,フィルＣ
コンサル,7089,フォースタ
コンサル,6029,アトラＧ
コンサル,3680,ホットリンク
コンサル,4166,かっこ
コンサル,9337,トリドリ
コンサル,6040,日本スキー
コンサル,480A,リブコンサル
コンサル,7044,ピアラ
コンサル,277A,グロービング
コンサル,9253,スローガン
コンサル,9327,イーロジット
コンサル,3915,テラスカイ
コンサル,7038,フロンティＭ
コンサル,6038,イード
コンサル,3482,ロードスター
コンサル,4335,ＩＰＳＨＤ
コンサル,6533,オーケストラ
コンサル,2970,ジーエルシー
コンサル,9158,シーユーシー
コンサル,4071,ＰＡコンサル
コンサル,2130,メンバーズ
コンサル,3927,Ｆ－ブレイン
コンサル,4351,山田債権
コンサル,6198,Ｃａｒｅｅｒ
コンサル,246A,アスア
コンサル,7039,ブリッジ－Ｇ
コンサル,4265,ＩＧＳ
コンサル,9257,ＹＣＰ
コンサル,3719,ＡＩストーム
コンサル,7318,セレンＨＤ
コンサル,3905,データセク
建設,1447,ＳＡＡＦホールディングス
建設,6330,東洋エンジニアリング
建設,6379,レイズネクスト
建設,1847,イチケン
建設,1899,福田組
建設,1965,テクノ菱和
建設,1438,岐阜造園
建設,1870,矢作建設工業
建設,1914,日本基礎技術
建設,1418,インターライフホールディングス
建設,1888,若築建設
建設,1960,サンテック
建設,1866,北野建設
建設,1848,富士ピー・エス
建設,1762,高松コンストラクショングループ
建設,1814,大末建設
建設,1795,マサル
建設,1433,ベステラ
建設,1407,ウエストホールディングス
建設,1443,技研ホールディングス
建設,1921,巴コーポレーション
建設,1430,ファーストコーポレーション
建設,1852,淺沼組
建設,1867,植木組
建設,407A,ＵＮＩＣＯＮホールディングス
建設,1711,ＳＤＳホールディングス
建設,1810,松井建設
建設,1822,大豊建設
建設,1787,ナカボーテック
建設,1813,不動テトラ
建設,5079,ノバック
建設,1840,土屋ホールディングス
建設,1827,ナカノフドー建設
建設,1844,大盛工業
建設,1429,日本アクア
建設,1450,ＴＡＮＡＫＥＮ
建設,1972,三晃金属工業
建設,1925,大和ハウス工業
建設,1719,安藤・間
建設,256A,飛島ホールディングス
建設,1793,大本組
建設,1766,東建コーポレーション
建設,1879,新日本建設
建設,1826,佐田建設
建設,1929,日特建設
建設,1786,オリエンタル白石
建設,1770,藤田エンジニアリング
建設,1780,ヤマウラ
建設,1436,グリーンエナジー＆カンパニー
建設,1873,日本ハウスホールディングス
建設,1928,積水ハウス
建設,1419,タマホーム
建設,205A,ロゴスホールディングス
建設,1882,東亜道路工業
建設,1939,四電工
建設,1934,ユアテック
建設,1807,佐藤渡辺
建設,1994,高橋カーテンウォール工業
建設,1897,金下建設
建設,5076,インフロニア・ホールディングス
建設,1887,日本国土開発
建設,1967,ヤマト
建設,1808,長谷工コーポレーション
建設,1898,世紀東急工業
建設,1724,シンクレイヤ
建設,1850,南海辰村建設
建設,1716,第一カッター興業
建設,6366,千代田化工建設
建設,1820,西松建設
建設,1904,大成温調
建設,1871,ピーエス・コンストラクション
建設,1833,奥村組
建設,1911,住友林業
建設,211A,カドス・コーポレーション
建設,1992,神田通信機
建設,1997,暁飯島工業
建設,1723,日本電技
建設,1414,ショーボンドホールディングス
建設,1798,守谷商会
建設,1446,キャンディル
建設,341A,トヨコー
建設,1853,森組
建設,1815,鉄建建設
建設,1758,太洋基礎工業
建設,1981,協和日成
建設,1799,第一建設工業
建設,1420,サンヨーホームズ
建設,1966,高田工業所
建設,1431,Ｌｉｂ　Ｗｏｒｋ
建設,1885,東亜建設工業
建設,1720,東急建設
建設,1721,コムシスホールディングス
建設,1768,ソネック
建設,1964,中外炉工業
建設,1401,エムビーエス
建設,50765,インフロニア・ホールディングス第１回社債型種類株式
建設,1736,オーテック
建設,5078,セレコーポレーション
建設,1948,弘電社
建設,253A,ＥＴＳグループ
建設,1718,美樹工業
建設,3267,フィル・カンパニー
建設,1828,田辺工業
建設,1946,トーエネック
建設,1764,工藤建設
建設,1980,ダイダン
建設,1788,三東工業社
建設,1835,東鉄工業
建設,1982,日比谷総合設備
建設,1976,明星工業
建設,1803,清水建設
建設,1811,錢高組
建設,1860,戸田建設
建設,1968,太平電業
建設,1926,ライト工業
建設,1905,テノックス
建設,1802,大林組
建設,1861,熊谷組
建設,1951,エクシオグループ
建設,1945,東京エネシス
建設,1417,ミライト・ワン
建設,1938,日本リーテック
建設,1444,ニッソウ
建設,1941,中電工
建設,1975,朝日工業社
建設,1950,日本電設工業
建設,1930,北陸電気工事
建設,1801,大成建設
建設,1959,クラフティア
建設,1969,高砂熱学工業
建設,1434,ＪＥＳＣＯホールディングス
建設,1952,新日本空調
建設,1963,日揮ホールディングス
建設,1944,きんでん
建設,1893,五洋建設
建設,1812,鹿島建設
建設,1942,関電工
建設,1961,三機工業
建設,1979,大氣社
建設,5074,テスホールディングス
2026IPO,500A,ＴＯブックス
2026IPO,504A,イノバセル
2026IPO,505A,ギークリー
2026IPO,519A,ベーシック
2026IPO,520A,Ｊファーマ
2026IPO,523A,セイワＨＤ
2026IPO,542A,ビタブリッド
2026IPO,548A,シスエグゼ
2026IPO,549A,ヒトトヒトＨ
2026IPO,550A,ソフトテック
2026IPO,554A,バトンズ
2026IPO,556A,犬猫生活
2026IPO,558A,スクイーズ
2026IPO,559A,梅乃宿酒造
2026IPO,581A,ＧＯ
2026IPO,584A,ＬｉＮＫＸ
2026IPO,589A,ネイス
2026IPO,593A,ティアフォー
2026IPO,598A,チャットプラ
2026IPO,603A,アイグリッド
2026IPO,604A,ビーエイブル
2026IPO,607A,エブリー
女性消費関連,7806,MTG
女性消費関連,8136,サンリオ
女性消費関連,247A,Aiロボティクス
女性消費関連,2586,フルッタフルッタ
女性消費関連,6630,ヤーマン
女性消費関連,4911,資生堂
女性消費関連,4922,コーセーHD
女性消費関連,4927,ポーラ・オルビスHD
女性消費関連,4928,ノエビアHD
女性消費関連,4919,ミルボン
女性消費関連,4923,COTA
女性消費関連,4925,ハーバー研究所
女性消費関連,4926,シーボン
女性消費関連,4929,アジュバンHD
女性消費関連,4931,新日本製薬
女性消費関連,4932,アルマード
女性消費関連,4933,I-ne
女性消費関連,4934,プレミアアンチエイジング
女性消費関連,4935,リベルタ
女性消費関連,4936,アクシージア
女性消費関連,4937,ワクー
女性消費関連,4918,アイビー化粧品
女性消費関連,4920,日本色材工業
女性消費関連,2930,北の達人
女性消費関連,7819,粧美堂
女性消費関連,7506,ハウスオブローゼ
女性消費関連,373A,リップス
女性消費関連,3660,アイスタイル
女性消費関連,4679,田谷
女性消費関連,9439,MHグループ
女性消費関連,9251,AB&C
女性消費関連,6574,コンヴァノ
女性消費関連,2792,ハニーズHD
女性消費関連,2726,パルグループHD
女性消費関連,2685,アダストリア
女性消費関連,3548,バロックジャパン
女性消費関連,2780,コメ兵HD
女性消費関連,7685,BuySell
