順位,順位変動,順位連騰日数,前日順位,コード,銘柄名,市場,株価,前日比,前日比%,前日比%連騰日数,売買代金(百万円),売買代金前日比(百万円),売買代金変動%,売買代金連騰日数,PER,PBR,利回り
"1","→","0","1","285A","キオクシア","東Ｐ","57,130","-4,710","-7.62","0","3,140,373","+336,180","+12.0%","5","－","12.64","－"
"2","→","0","2","5803","フジクラ","東Ｐ","5,930","-148","-2.44","0","458,064","+78,151","+20.6%","2","30.1","16.13","0.64"
"3","↑3","1","6","9984","ＳＢＧ","東Ｐ","5,817","-69","-1.17","0","307,127","+163,268","+113.5%","1","－","1.80","0.19"
"4","→","0","4","6976","太陽誘電","東Ｐ","9,978","-1,317","-11.66","0","251,169","+88,709","+54.6%","1","44.8","3.53","0.90"
"5","→","0","5","6981","村田製","東Ｐ","7,478","-812","-9.79","0","239,235","+89,689","+60.0%","1","40.3","4.93","0.94"
"6","↓3","0","3","6857","アドテスト","東Ｐ","35,940","-1,840","-4.87","0","222,175","-8,280","-3.6%","0","39.3","24.90","－"
"7","↑2","1","9","8035","東エレク","東Ｐ","56,640","-3,450","-5.74","0","196,939","+62,158","+46.1%","1","－","12.10","－"
"8","↑2","2","10","5801","古河電","東Ｐ","4,376","+78","+1.81","0","189,323","+82,325","+76.9%","2","29.3","7.04","0.50"
"9","↓2","0","7","1570","日経レバ","東Ｅ","72,350","-3,580","-4.71","0","176,613","+38,466","+27.8%","1","－","－","－"
"10","↓2","0","8","4062","イビデン","東Ｐ","20,880","-700","-3.24","0","153,578","+16,343","+11.9%","1","69.9","10.24","0.17"
"11","↑3","1","14","6920","レーザーテク","東Ｐ","37,060","-2,200","-5.60","0","99,771","+24,318","+32.2%","1","36.9","13.46","0.95"
"12","↑1","1","13","8306","三菱ＵＦＪ","東Ｐ","3,661.0","+12.0","+0.33","1","96,788","+5,982","+6.6%","1","15.3","1.82","2.62"
"13","↑2","2","15","5016","ＪＸ金属","東Ｐ","3,827","-173","-4.33","0","82,668","+17,959","+27.8%","2","24.3","5.32","0.52"
"14","↑2","2","16","7011","三菱重","東Ｐ","4,361","+11","+0.25","0","81,670","+18,319","+28.9%","1","38.6","4.62","0.66"
"15","↑5","1","20","6146","ディスコ","東Ｐ","62,300","-3,610","-5.48","0","65,350","+15,853","+32.0%","1","－","11.63","－"
"16","↑15","1","31","5802","住友電","東Ｐ","2,421.0","-52.0","-2.10","0","64,928","+25,004","+62.6%","1","22.2","2.66","1.61"
"17","↑1","1","18","9983","ファストリ","東Ｐ","75,180","-1,640","-2.13","0","64,515","+13,049","+25.4%","1","46.1","8.46","0.85"
"18","↑1","1","19","6525","コクサイエレ","東Ｐ","8,623","-683","-7.34","0","63,792","+13,734","+27.4%","1","36.2","8.94","0.75"
"19","↑4","2","23","5706","三井金属","東Ｐ","30,010","-1,580","-5.00","0","63,439","+17,836","+39.1%","1","21.5","4.07","0.93"
"20","↓8","0","12","7974","任天堂","東Ｐ","8,783","+22","+0.25","1","63,023","-30,943","-32.9%","0","32.7","3.47","1.84"
"21","↓4","0","17","8411","みずほＦＧ","東Ｐ","8,533","+3","+0.04","2","61,020","+3,469","+6.0%","1","14.8","1.80","1.76"
"22","↑4","3","26","6501","日立","東Ｐ","5,505","-66","-1.18","1","51,979","+8,826","+20.5%","1","27.3","3.74","－"
"23","↓1","0","22","8316","三井住友ＦＧ","東Ｐ","6,922","+4","+0.06","1","51,000","+4,393","+9.4%","1","15.4","1.63","2.60"
"24","↓3","0","21","3436","ＳＵＭＣＯ","東Ｐ","3,794","-267","-6.57","0","48,744","+1,791","+3.8%","1","－","2.34","－"
"25","↑13","1","38","6723","ルネサス","東Ｐ","3,825","-48","-1.24","0","44,909","+15,303","+51.7%","1","－","2.45","－"
"26","↑7","1","33","7203","トヨタ","東Ｐ","3,018.0","+5.0","+0.17","1","42,184","+3,915","+10.2%","1","11.0","0.96","3.31"
"27","↑31","3","58","3905","データセク","東Ｇ","1,701","-106","-5.87","0","41,507","+23,622","+132.1%","3","6.2","2.16","－"
"28","↑15","1","43","6752","パナＨＤ","東Ｐ","4,540","-248","-5.18","0","38,235","+12,336","+47.6%","1","23.6","1.96","1.19"
"29","↓4","0","25","6758","ソニーＧ","東Ｐ","3,719","-61","-1.61","1","36,946","-6,439","-14.8%","0","18.0","2.60","0.94"
"30","↑10","2","40","4004","レゾナック","東Ｐ","17,020","-180","-1.05","0","36,314","+8,651","+31.3%","1","28.7","4.09","0.38"
"31","↓4","0","27","6098","リクルート","東Ｐ","16,040","-340","-2.08","0","34,578","-8,485","-19.7%","0","29.4","12.53","0.16"
"32","↓21","0","11","3103","ユニチカ","東Ｓ","1,516","-149","-8.95","0","34,108","-61,424","-64.3%","0","18.4","2.61","－"
"33","↑33","3","66","2914","ＪＴ","東Ｐ","6,924","-176","-2.48","0","33,814","+17,832","+111.6%","1","19.1","2.80","3.93"
"34","↓6","0","28","6861","キーエンス","東Ｐ","84,140","-2,610","-3.01","0","32,744","-8,637","-20.9%","0","－","5.75","0.65"
"35","↑26","3","61","9104","商船三井","東Ｐ","6,887","+258","+3.89","1","31,155","+13,898","+80.5%","1","9.9","0.79","2.98"
"36","↑8","1","44","7735","スクリン","東Ｐ","13,715","-900","-6.16","0","31,052","+5,218","+20.2%","1","22.6","5.22","1.33"
"37","↑38","1","75","9101","郵船","東Ｐ","6,791","+301","+4.64","1","28,798","+15,079","+109.9%","1","11.4","0.88","3.53"
"38","↑25","1","63","7012","川重","東Ｐ","2,857.0","+1.5","+0.05","0","28,004","+11,432","+69.0%","1","21.7","2.82","1.40"
"39","↓2","0","37","8136","サンリオ","東Ｐ","1,195.0","-17.0","-1.40","1","27,394","-6,144","-18.3%","0","22.7","8.88","1.34"
"40","↑1","1","41","6954","ファナック","東Ｐ","6,297","-226","-3.46","0","27,246","-299","-1.1%","0","29.7","3.10","－"
"41","↑7","1","48","4063","信越化","東Ｐ","6,253","-132","-2.07","0","27,193","+4,939","+22.2%","1","21.6","2.49","1.86"
"42","↑30","1","72","5401","日本製鉄","東Ｐ","693.3","+23.3","+3.48","1","27,069","+12,416","+84.7%","1","12.5","0.64","3.46"
"43","↑11","4","54","4392","ＦＩＧ","東Ｐ","1,323","+93","+7.56","0","27,067","+7,663","+39.5%","4","68.4","4.12","0.76"
"44","↑2","1","46","7013","ＩＨＩ","東Ｐ","2,984.0","-27.0","-0.90","0","26,655","+2,419","+10.0%","1","18.4","4.54","0.77"
"45","↑22","1","67","1357","日経Ｄインバ","東Ｅ","2,646","+118","+4.67","1","26,525","+11,003","+70.9%","1","－","－","－"
"46","↓11","0","35","9432","ＮＴＴ","東Ｐ","160.0","-1.5","-0.93","0","26,116","-8,494","-24.5%","0","13.3","1.32","3.38"
"47","↑3","2","50","5713","住友鉱","東Ｐ","9,866","-81","-0.81","0","25,930","+4,444","+20.7%","1","12.3","1.24","2.10"
"48","↓24","0","24","6701","ＮＥＣ","東Ｐ","4,664","-122","-2.55","1","25,732","-19,547","-43.2%","0","－","2.77","0.86"
"49","↓13","0","36","8766","東京海上","東Ｐ","7,399","-82","-1.10","1","24,246","-10,113","-29.4%","0","16.8","1.70","3.31"
"50","↓16","0","34","7267","ホンダ","東Ｐ","1,714.0","+27.0","+1.60","0","22,980","-13,356","-36.8%","0","16.7","0.54","4.08"
"51","↓21","0","30","7936","アシックス","東Ｐ","4,892","-256","-4.97","0","22,874","-17,140","-42.8%","0","28.9","9.67","0.90"
"52","↓5","0","47","3110","日東紡","東Ｐ","3,225","-215","-6.25","0","22,162","-852","-3.7%","0","29.4","3.31","0.87"
"53","↓14","0","39","6871","日本マイクロ","東Ｐ","14,820","-500","-3.26","0","21,618","-7,915","-26.8%","0","25.0","6.29","1.20"
"54","↑15","1","69","8308","りそなＨＤ","東Ｐ","2,493.0","+11.5","+0.46","0","21,198","+5,996","+39.4%","1","16.9","1.85","1.48"
"55","↓10","0","45","8058","三菱商","東Ｐ","4,773","+64","+1.36","1","21,155","-4,358","-17.1%","0","15.9","1.81","2.62"
"56","↑111","5","167","3778","さくらネット","東Ｐ","4,280","+480","+12.63","1","20,173","+14,777","+273.9%","1","114","5.57","0.13"
"57","↑43","1","100","4502","武田","東Ｐ","5,699","+186","+3.37","1","20,048","+9,927","+98.1%","1","54.8","1.20","3.58"
"58","↓26","0","32","6361","荏原","東Ｐ","5,292","-190","-3.47","1","19,950","-19,861","-49.9%","0","24.2","4.53","1.25"
"59","↑36","1","95","1321","野村日経平均","東Ｅ","69,880","-1,740","-2.43","0","19,504","+8,877","+83.5%","1","－","－","－"
"60","↑23","1","83","6506","安川電","東Ｐ","5,178","-294","-5.37","0","19,327","+6,885","+55.3%","1","28.6","2.77","1.39"
"61","↑12","1","73","9107","川崎汽","東Ｐ","3,149.0","+77.0","+2.51","1","19,274","+5,265","+37.6%","1","14.0","1.09","3.81"
"62","↑41","1","103","7182","ゆうちょ銀","東Ｐ","3,325.0","+48.0","+1.46","1","19,122","+9,171","+92.2%","1","17.9","1.28","2.80"
"63","↓14","0","49","6890","フェローテク","東Ｓ","9,380","-370","-3.79","0","18,814","-3,037","-13.9%","0","－","1.57","2.84"
"64","↓2","0","62","6762","ＴＤＫ","東Ｐ","3,135.0","-109.0","-3.36","0","17,899","+1,036","+6.1%","1","26.4","2.59","1.28"
"65","↓6","0","59","6503","三菱電","東Ｐ","6,037","-89","-1.45","0","17,704","+79","+0.4%","1","25.0","2.70","0.99"
"66","↑16","2","82","200A","野村日半導","東Ｅ","4,615","-247","-5.08","0","17,284","+4,503","+35.2%","2","－","－","－"
"67","↓10","0","57","4755","楽天グループ","東Ｐ","776.7","-0.7","-0.09","0","16,900","-1,004","-5.6%","0","－","1.85","－"
"68","↑2","1","70","6273","ＳＭＣ","東Ｐ","74,950","-2,660","-3.43","0","16,829","+1,768","+11.7%","1","27.6","2.18","1.33"
"69","↑16","1","85","9501","東電ＨＤ","東Ｐ","523.0","+0.3","+0.06","0","16,768","+4,795","+40.0%","1","－","0.35","－"
"70","↓6","0","64","6702","富士通","東Ｐ","3,606.0","-58.0","-1.58","1","16,361","-8","-0.0%","0","20.1","3.07","1.53"
"71","↓3","0","68","2802","味の素","東Ｐ","5,508","-213","-3.72","0","16,231","+843","+5.5%","1","42.5","6.78","0.91"
"72","↓21","0","51","8630","ＳＯＭＰＯ","東Ｐ","6,728","+14","+0.21","1","15,618","-5,052","-24.4%","0","12.2","1.13","2.97"
"73","↑24","1","97","8591","オリックス","東Ｐ","6,294","-59","-0.93","0","15,291","+4,765","+45.3%","1","12.9","1.46","2.98"
"74","↑10","2","84","1605","ＩＮＰＥＸ","東Ｐ","3,898","+123","+3.26","1","15,195","+2,805","+22.6%","1","8.9","0.89","2.87"
"75","↓10","0","65","8031","三井物","東Ｐ","4,875","+79","+1.65","2","14,986","-1,321","-8.1%","0","15.0","1.54","2.87"
"76","↑55","1","131","6315","ＴＯＷＡ","東Ｐ","2,443","-111","-4.35","0","14,598","+7,477","+105.0%","1","26.2","2.43","0.98"
"77","↑4","1","81","6963","ローム","東Ｐ","5,058","-181","-3.45","0","14,520","+1,708","+13.3%","1","67.3","2.52","0.99"
"78","↑18","1","96","6367","ダイキン","東Ｐ","21,180","-270","-1.26","0","14,469","+3,939","+37.4%","1","21.2","1.97","1.70"
"79","↓23","0","56","6728","アルバック","東Ｐ","7,821","-49","-0.62","1","13,886","-4,239","-23.4%","0","20.2","1.60","1.94"
"80","↓27","0","53","278A","テラドローン","東Ｇ","13,300","-480","-3.48","0","13,825","-5,867","-29.8%","0","－","29.18","－"
"81","↓52","0","29","3659","ネクソン","東Ｐ","3,029.0","-16.0","-0.53","0","13,807","-27,226","-66.4%","0","－","2.19","15.68"
"82","↓40","0","42","8725","ＭＳ＆ＡＤ","東Ｐ","4,967","+42","+0.85","0","13,720","-13,185","-49.0%","0","16.7","1.07","3.42"
"83","↓23","0","60","8001","伊藤忠","東Ｐ","2,005.0","+13.5","+0.68","1","13,493","-4,127","-23.4%","0","14.8","2.07","2.19"
"84","↑10","2","94","6613","ＱＤレーザ","東Ｇ","2,094","+11","+0.53","0","13,264","+2,423","+22.4%","2","199","17.97","－"
"85","↓6","0","79","9433","ＫＤＤＩ","東Ｐ","2,846.0","+12.5","+0.44","1","13,019","-164","-1.2%","0","14.8","2.11","2.95"
"86","↓31","0","55","4901","富士フイルム","東Ｐ","3,195.0","-47.0","-1.45","1","12,855","-6,018","-31.9%","0","13.6","0.98","2.35"
"87","↓7","0","80","6330","東洋エンジ","東Ｐ","2,484","+46","+1.89","1","12,766","-172","-1.3%","0","24.3","3.74","1.01"
"88","↑2","3","90","8267","イオン","東Ｐ","1,349.0","-13.5","-0.99","0","12,373","+1,059","+9.4%","1","51.2","3.09","1.11"
"89","↓11","0","78","4661","ＯＬＣ","東Ｐ","2,881.0","0.0","0.00%","1","12,285","-988","-7.4%","0","41.5","4.19","0.56"
"90","↑68","1","158","8309","三井住友トラ","東Ｐ","1,733.0","+4.5","+0.26","2","12,229","+6,404","+109.9%","1","12.6","1.30","2.74"
"91","↑17","1","108","6971","京セラ","東Ｐ","3,783","-89","-2.30","0","11,900","+2,802","+30.8%","1","30.4","1.46","1.48"
"92","↑44","1","136","6301","コマツ","東Ｐ","7,151","-60","-0.83","1","11,899","+4,952","+71.3%","1","18.2","1.81","2.66"
"93","↑36","1","129","8801","三井不","東Ｐ","1,451.5","+2.5","+0.17","1","11,833","+4,543","+62.3%","1","13.7","1.20","2.55"
"94","↑8","1","102","9434","ＳＢ","東Ｐ","234.0","-0.9","-0.38","0","11,652","+1,699","+17.1%","1","20.3","4.25","3.76"
"95","↑86","1","181","6324","ハーモニック","東Ｐ","5,950","-560","-8.60","0","11,488","+6,443","+127.7%","1","93.9","6.92","0.34"
"96","↑20","1","116","1458","楽天Ｗブル","東Ｅ","86,400","-4,240","-4.68","0","11,360","+3,114","+37.8%","1","－","－","－"
"97","↑27","2","124","6787","メイコー","東Ｐ","18,740","-620","-3.20","0","11,280","+3,649","+47.8%","1","18.0","3.73","0.85"
"98","↑92","1","190","3563","Ｆ＆ＬＣ","東Ｐ","5,799","-41","-0.70","0","11,226","+6,473","+136.2%","1","41.8","10.58","0.34"
"99","↓8","0","91","6526","ソシオネクス","東Ｐ","2,026.5","-104.5","-4.90","0","11,061","-246","-2.2%","0","35.5","2.77","2.47"
"100","↓2","0","98","4519","中外薬","東Ｐ","6,857","-7","-0.10","2","10,978","+782","+7.7%","1","－","5.56","1.93"
"101","↑27","1","128","1579","日経ブル２","東Ｅ","781.9","-38.2","-4.66","0","10,971","+3,663","+50.1%","1","－","－","－"
"102","↓28","0","74","8750","第一ライフ","東Ｐ","1,843.5","-3.5","-0.19","1","10,930","-2,802","-20.4%","0","12.9","1.45","3.91"
"103","↑16","2","119","5711","三菱マ","東Ｐ","5,248","-16","-0.30","0","10,901","+2,709","+33.1%","2","4.9","0.89","2.21"
"104","↓17","0","87","8002","丸紅","東Ｐ","4,934","+17","+0.35","3","10,555","-968","-8.4%","0","13.8","1.80","2.33"
"105","↑89","2","194","7532","パンパシＨＤ","東Ｐ","923.7","+14.6","+1.61","1","10,447","+5,758","+122.8%","1","25.2","3.95","1.08"
"106","↑4","1","110","5108","ブリヂストン","東Ｐ","4,062","-36","-0.88","0","10,276","+1,380","+15.5%","1","14.8","1.33","3.08"
"107","↑50","1","157","4543","テルモ","東Ｐ","2,564.0","-56.0","-2.14","1","10,267","+4,427","+75.8%","1","19.6","2.28","1.40"
"108","↑1","1","109","3382","セブン＆アイ","東Ｐ","2,025.5","-21.0","-1.03","1","10,250","+1,319","+14.8%","1","16.5","1.24","2.96"
"109","↑120","2","229","5631","日製鋼","東Ｐ","8,318","+266","+3.30","0","10,050","+5,972","+146.4%","1","32.2","2.86","1.11"
"110","↑22","1","132","6141","ＤＭＧ森精機","東Ｐ","3,128.0","-166.0","-5.04","0","9,915","+2,816","+39.7%","1","28.5","1.25","3.36"
"111","↓22","0","89","7747","朝日インテク","東Ｐ","4,094","-9","-0.22","0","9,893","-1,519","-13.3%","0","28.7","6.26","1.22"
"112","↑22","1","134","8802","菱地所","東Ｐ","3,609.0","-66.0","-1.80","0","9,645","+2,662","+38.1%","1","18.4","1.59","1.36"
"113","↑17","1","130","7751","キヤノン","東Ｐ","4,491","-70","-1.53","1","9,627","+2,349","+32.3%","1","11.1","1.09","3.56"
"114","↓37","0","77","2413","エムスリー","東Ｐ","1,696.0","-36.0","-2.08","0","9,555","-3,750","-28.2%","0","21.4","2.79","－"
"115","↓27","0","88","2502","アサヒ","東Ｐ","1,652.0","-9.0","-0.54","1","9,543","-1,900","-16.6%","0","12.5","0.76","3.45"
"116","↓30","0","86","4568","第一三共","東Ｐ","2,695.5","+35.5","+1.33","1","9,438","-2,512","-21.0%","0","19.5","2.88","3.71"
"117","↓16","0","101","7741","ＨＯＹＡ","東Ｐ","26,240","-160","-0.61","1","9,370","-728","-7.2%","0","－","8.64","－"
"118","↓66","0","52","4704","トレンド","東Ｐ","5,525","+173","+3.23","1","9,325","-11,193","-54.6%","0","23.4","6.20","－"
"119","↓7","0","112","8053","住友商","東Ｐ","1,755.0","+5.0","+0.29","1","9,195","+665","+7.8%","1","13.2","1.75","2.28"
"120","→","0","120","6902","デンソー","東Ｐ","1,932.0","+12.0","+0.63","1","9,186","+1,092","+13.5%","1","12.7","0.95","3.83"
"121","↑31","2","152","6479","ミネベア","東Ｐ","3,638","-93","-2.49","0","8,846","+2,884","+48.4%","1","16.8","1.58","1.65"
"122","↑53","3","175","6269","三井海洋","東Ｐ","10,765","+230","+2.18","1","8,840","+3,664","+70.8%","1","12.7","2.75","1.86"
"123","↑18","1","141","1360","日経ベア２","東Ｅ","64.9","+2.9","+4.68","1","8,659","+2,082","+31.7%","1","－","－","－"
"124","↑30","1","154","6504","富士電機","東Ｐ","14,320","-650","-4.34","0","8,299","+2,393","+40.5%","1","18.7","2.64","－"
"125","↑10","1","135","6645","オムロン","東Ｐ","6,848","-195","-2.77","0","8,141","+1,179","+16.9%","1","33.2","1.62","1.61"
"126","↓13","0","113","6834","精工技研","東Ｓ","25,970","-1,630","-5.91","0","8,101","-356","-4.2%","0","25.2","6.52","0.58"
"127","↓21","0","106","4751","サイバー","東Ｐ","1,258.0","-5.0","-0.40","1","8,057","-1,363","-14.5%","0","15.6","3.11","1.59"
"128","↓23","0","105","8015","豊田通商","東Ｐ","7,362","-15","-0.20","0","7,985","-1,652","-17.1%","0","16.1","2.67","1.70"
"129","↑39","1","168","4452","花王","東Ｐ","3,504.0","+11.0","+0.31","1","7,948","+2,584","+48.2%","1","23.5","2.83","2.23"
"130","↓5","0","125","7911","ＴＯＰＰＡＮ","東Ｐ","5,206","-227","-4.18","0","7,863","+232","+3.0%","1","26.4","1.05","1.11"
"131","↑64","1","195","9020","ＪＲ東日本","東Ｐ","3,445.0","-15.0","-0.43","1","7,780","+3,115","+66.8%","1","15.3","1.27","2.44"
"132","↓25","0","107","7453","良品計画","東Ｐ","4,293","-52","-1.20","1","7,710","-1,601","-17.2%","0","34.0","5.74","0.75"
"133","↑5","2","138","8604","野村","東Ｐ","1,553.5","-5.5","-0.35","2","7,685","+840","+12.3%","1","－","1.18","－"
"134","↓19","0","115","7272","ヤマハ発","東Ｐ","1,910.0","-26.5","-1.37","0","7,647","-719","-8.6%","0","10.9","1.48","2.62"
"135","↑47","3","182","186A","アストロＨＤ","東Ｇ","1,306","-11","-0.84","1","7,574","+2,662","+54.2%","1","－","24.18","－"
"136","↑38","1","174","6326","クボタ","東Ｐ","2,653.5","-33.5","-1.25","1","7,569","+2,392","+46.2%","1","10.3","1.07","1.96"
"137","↑6","2","143","4182","菱ガス化","東Ｐ","4,008","-218","-5.16","0","7,562","+1,025","+15.7%","1","14.2","1.17","2.74"
"138","↑18","1","156","8830","住友不","東Ｐ","3,325.0","-35.0","-1.04","0","7,507","+1,631","+27.8%","1","13.8","1.20","1.56"
"139","↑20","2","159","7003","三井Ｅ＆Ｓ","東Ｐ","4,395","+16","+0.37","0","7,450","+1,634","+28.1%","1","14.3","1.98","1.37"
"140","↓14","0","126","7269","スズキ","東Ｐ","2,080.5","-12.0","-0.57","0","7,429","-26","-0.3%","0","9.6","1.13","2.45"
"141","↑24","1","165","6590","芝浦","東Ｐ","4,415","-165","-3.60","0","7,261","+1,817","+33.4%","1","24.4","5.41","1.45"
"142","↑11","1","153","4503","アステラス","東Ｐ","2,299.0","+16.0","+0.70","1","7,243","+1,302","+21.9%","1","13.7","2.12","3.48"
"143","↑1","2","144","8729","ソニーＦＧ","東Ｐ","155.2","-0.4","-0.26","0","7,190","+729","+11.3%","3","45.2","1.19","5.15"
"144","↓4","0","140","5838","楽天銀","東Ｐ","6,317","+97","+1.56","0","7,185","+527","+7.9%","1","12.5","2.81","－"
"145","↑1","1","146","7270","ＳＵＢＡＲＵ","東Ｐ","2,587.5","+30.0","+1.17","1","7,139","+790","+12.4%","1","14.0","0.66","4.48"
"146","↑18","1","164","1812","鹿島","東Ｐ","4,910","-71","-1.43","0","7,132","+1,526","+27.2%","1","13.3","1.65","2.97"
"147","↑58","1","205","4911","資生堂","東Ｐ","3,436.0","-68.0","-1.94","0","7,049","+2,621","+59.2%","1","32.7","2.16","1.75"
"148","↑59","1","207","6594","ニデック","東Ｐ","2,803","-12","-0.43","0","6,991","+2,585","+58.7%","1","－","1.83","－"
"149","↓4","0","145","485A","ＰｏｗｅｒＸ","東Ｇ","1,751","-128","-6.81","0","6,962","+587","+9.2%","1","160","31.11","－"
"150","↑21","1","171","6481","ＴＨＫ","東Ｐ","7,235","-285","-3.79","0","6,938","+1,661","+31.5%","1","14.8","2.94","2.70"
"151","↓18","0","133","7832","バンナムＨＤ","東Ｐ","5,317","-15","-0.28","1","6,906","-145","-2.1%","0","26.2","3.85","－"
"152","↓3","0","149","8304","あおぞら銀","東Ｐ","3,397.0","-31.0","-0.90","0","6,880","+767","+12.5%","2","17.4","0.94","2.94"
"153","↑10","1","163","5411","ＪＦＥ","東Ｐ","1,835.0","+54.0","+3.03","1","6,874","+1,201","+21.2%","1","7.8","0.44","4.36"
"154","↓4","0","150","5805","ＳＷＣＣ","東Ｐ","14,690","+10","+0.07","0","6,788","+676","+11.1%","1","18.9","4.30","2.12"
"155","↑46","1","201","9843","ニトリＨＤ","東Ｐ","2,902.0","-12.0","-0.41","1","6,784","+2,265","+50.1%","1","18.0","1.63","1.10"
"156","↓52","0","104","6305","日立建機","東Ｐ","5,484","+94","+1.74","1","6,750","-3,034","-31.0%","0","13.9","1.27","3.46"
"157","↑9","1","166","2503","キリンＨＤ","東Ｐ","3,009.0","+9.0","+0.30","1","6,739","+1,329","+24.6%","1","14.9","1.76","2.53"
"158","↑153","1","311","6841","横河電","東Ｐ","5,349","-250","-4.47","0","6,568","+3,979","+153.7%","1","22.9","2.65","1.72"
"159","↑72","1","231","7014","名村造","東Ｓ","4,610","+100","+2.22","2","6,525","+2,486","+61.5%","1","14.6","2.33","1.30"
"160","↓37","0","123","6855","電子材料","東Ｓ","7,270","-320","-4.22","0","6,437","-1,373","-17.6%","0","15.9","2.29","1.38"
"161","↑55","1","216","5334","特殊陶","東Ｐ","9,549","-51","-0.53","1","6,431","+2,130","+49.5%","1","17.7","2.20","2.20"
"162","↓20","0","142","7733","オリンパス","東Ｐ","2,110.5","+34.5","+1.66","1","6,357","-204","-3.1%","0","21.9","3.00","1.42"
"163","↓71","0","92","6383","ダイフク","東Ｐ","6,141","-206","-3.25","0","6,293","-4,727","-42.9%","0","26.4","4.56","1.47"
"164","↑54","2","218","6327","北川精機","東Ｓ","3,930","-55","-1.38","0","6,143","+1,864","+43.6%","2","39.6","5.09","0.64"
"165","↓47","0","118","4307","野村総研","東Ｐ","4,837","-32","-0.66","1","6,136","-2,087","-25.4%","0","22.8","7.25","1.74"
"166","↑22","2","188","7550","ゼンショＨＤ","東Ｐ","11,680","+320","+2.82","1","6,101","+1,333","+28.0%","2","35.6","6.64","0.68"
"167","↓91","0","76","543A","ＡＲＣＨＩＯ","東Ｐ","284","-3","-1.05","0","6,063","-7,289","-54.6%","0","2.4","0.78","2.82"
"168","↑59","1","227","6965","ホトニクス","東Ｐ","2,543.5","-68.0","-2.60","0","5,988","+1,866","+45.3%","1","41.9","2.31","1.49"
"169","↑86","1","255","7729","東京精","東Ｐ","18,650","-620","-3.22","0","5,896","+2,348","+66.2%","1","24.6","3.98","1.63"
"170","↓43","0","127","4578","大塚ＨＤ","東Ｐ","12,045","+30","+0.25","2","5,843","-1,588","-21.4%","0","17.8","1.95","1.66"
"171","↓23","0","148","7201","日産自","東Ｐ","333.0","+2.8","+0.85","4","5,831","-303","-4.9%","0","58.2","0.24","－"
"172","↓55","0","117","4385","メルカリ","東Ｐ","4,498","-112","-2.43","1","5,799","-2,429","-29.5%","0","－","5.42","－"
"173","→","0","173","6323","ローツェ","東Ｐ","4,198","-165","-3.78","0","5,775","+586","+11.3%","1","26.2","5.33","0.48"
"174","↑136","2","310","1911","住友林","東Ｐ","1,316.0","-13.0","-0.98","1","5,773","+3,116","+117.3%","1","13.4","0.74","3.80"
"175","↑96","1","271","1306","野村東証指数","東Ｅ","431.4","-4.5","-1.03","0","5,759","+2,527","+78.2%","1","－","－","－"
"176","↓14","0","162","9697","カプコン","東Ｐ","4,099","-39","-0.94","1","5,759","+45","+0.8%","1","29.6","5.99","1.12"
"177","↑56","1","233","4186","東応化","東Ｐ","9,264","-313","-3.27","0","5,589","+1,682","+43.1%","1","26.1","4.48","0.86"
"178","↓39","0","139","9766","コナミＧ","東Ｐ","21,530","-65","-0.30","1","5,588","-1,136","-16.9%","0","28.9","5.03","1.04"
"179","↓28","0","151","5333","ＮＧＫ","東Ｐ","5,843","-278","-4.54","0","5,534","-501","-8.3%","0","20.1","2.03","1.81"
"180","↑22","1","202","5201","ＡＧＣ","東Ｐ","5,956","-40","-0.67","0","5,517","+1,072","+24.1%","1","16.4","0.83","3.53"
"181","↑126","1","307","4021","日産化","東Ｐ","8,094","-64","-0.78","0","5,491","+2,774","+102.1%","1","21.0","4.30","2.62"
"182","↓111","0","71","7762","シチズン","東Ｐ","2,606","-195","-6.96","0","5,416","-9,643","-64.0%","0","19.9","2.13","2.03"
"183","↑23","1","206","7186","横浜ＦＧ","東Ｐ","1,944.0","+33.0","+1.73","1","5,278","+869","+19.7%","1","16.8","1.48","2.42"
"184","↓63","0","121","3099","三越伊勢丹","東Ｐ","3,508.0","-22.0","-0.62","2","5,272","-2,796","-34.7%","0","19.4","2.04","2.28"
"185","↑18","1","203","4689","ラインヤフー","東Ｐ","498.0","+6.1","+1.24","1","5,257","+820","+18.5%","1","－","1.14","2.21"
"186","↑35","1","221","5344","ＭＡＲＵＷＡ","東Ｐ","59,010","-2,970","-4.79","0","5,245","+1,044","+24.9%","1","－","4.81","0.19"
"187","↑24","1","211","5020","ＥＮＥＯＳ","東Ｐ","1,324.5","+30.0","+2.32","1","5,227","+884","+20.4%","1","8.5","0.94","2.57"
"188","↑44","1","232","5831","しずおかＦＧ","東Ｐ","3,568.0","+20.0","+0.56","0","5,218","+1,211","+30.2%","1","16.3","1.46","3.03"
"189","↑20","4","209","4980","デクセリ","東Ｐ","3,058.0","-141.0","-4.41","0","5,211","+821","+18.7%","4","18.6","4.60","2.09"
"190","↑145","1","335","5019","出光興産","東Ｐ","1,373.5","+43.5","+3.27","3","5,142","+2,787","+118.3%","1","22.0","1.00","2.62"
"191","↓6","0","185","6178","日本郵政","東Ｐ","2,403.0","+8.5","+0.35","0","5,141","+272","+5.6%","1","17.3","0.66","2.50"
"192","↑21","1","213","8473","ＳＢＩ","東Ｐ","3,079.0","+9.0","+0.29","2","5,083","+757","+17.5%","1","－","1.07","－"
"193","↑55","1","248","8697","日本取引所","東Ｐ","2,186.0","-35.5","-1.60","0","5,043","+1,321","+35.5%","1","22.6","6.93","3.52"
"194","↑71","1","265","9412","スカＪＳＡＴ","東Ｐ","2,318","-47","-1.99","0","4,954","+1,599","+47.7%","1","24.3","2.15","2.07"
"195","↑47","1","242","5985","サンコール","東Ｓ","2,446","+88","+3.73","0","4,906","+1,124","+29.7%","1","11.8","2.10","1.43"
"196","↑167","1","363","2737","トーメンデバ","東Ｐ","30,700","-1,850","-5.68","0","4,887","+2,867","+141.9%","1","7.0","2.96","5.34"
"197","↓50","0","147","5332","ＴＯＴＯ","東Ｐ","6,368","-292","-4.38","0","4,848","-1,417","-22.6%","0","22.8","1.96","1.88"
"198","↑14","1","212","4005","住友化","東Ｐ","533.0","+5.0","+0.95","1","4,815","+483","+11.1%","1","12.7","0.80","3.00"
"199","↑15","1","214","2702","マクドナルド","東Ｓ","7,780","+60","+0.78","2","4,771","+451","+10.4%","1","29.6","3.53","0.82"
"200","↑147","2","347","9506","東北電","東Ｐ","1,300.0","+43.0","+3.42","1","4,769","+2,559","+115.8%","1","－","0.57","3.08"
"201","↓108","0","93","3769","ＧＭＯ－ＰＧ","東Ｐ","9,148","+339","+3.85","1","4,765","-6,183","-56.5%","0","29.7","5.55","1.86"
"202","↑34","1","236","9502","中部電","東Ｐ","2,850.5","+1.0","+0.04","0","4,727","+839","+21.6%","1","13.5","0.68","2.46"
"203","↓20","0","183","4971","メック","東Ｐ","7,520","-450","-5.65","0","4,693","-179","-3.7%","0","22.9","3.80","1.46"
"204","↓35","0","169","247A","Ａｉロボ","東Ｇ","948","-51","-5.11","0","4,648","-714","-13.3%","0","－","11.00","－"
"205","↑10","1","215","8601","大和","東Ｐ","1,775.0","-3.5","-0.20","1","4,631","+329","+7.6%","1","－","1.37","2.48"
"206","↑4","2","210","7261","マツダ","東Ｐ","1,183.0","+5.5","+0.47","0","4,614","+241","+5.5%","1","8.3","0.39","4.65"
"207","↓11","0","196","6113","アマダ","東Ｐ","2,715.0","-117.5","-4.15","0","4,543","-99","-2.1%","0","24.6","1.56","2.36"
"208","↓53","0","155","6532","ベイカレント","東Ｐ","7,369","-31","-0.42","1","4,494","-1,398","-23.7%","0","22.5","9.85","1.76"
"209","↓29","0","180","9021","ＪＲ西日本","東Ｐ","2,882.0","-6.0","-0.21","1","4,487","-584","-11.5%","0","13.1","1.07","3.38"
"210","↓19","0","191","6988","日東電","東Ｐ","3,475.0","-1.0","-0.03","1","4,443","-297","-6.3%","0","16.2","2.00","1.84"
"211","↑14","1","225","9022","ＪＲ東海","東Ｐ","3,827","+31","+0.82","1","4,356","+196","+4.7%","1","8.1","0.70","0.84"
"212","↓75","0","137","2160","ジーエヌアイ","東Ｇ","2,862","+189","+7.07","1","4,333","-2,531","-36.9%","0","－","4.66","－"
"213","↑27","1","240","8331","千葉銀","東Ｐ","2,847.5","+4.0","+0.14","0","4,302","+494","+13.0%","1","18.4","1.53","2.25"
"214","↑102","1","316","5938","ＬＩＸＩＬ","東Ｐ","1,719.0","-27.0","-1.55","0","4,295","+1,780","+70.8%","1","41.2","0.76","5.24"
"215","↑37","1","252","6407","ＣＫＤ","東Ｐ","5,860","-360","-5.79","0","4,244","+609","+16.8%","1","20.6","2.44","1.91"
"216","↑120","1","336","268A","リガクＨＤ","東Ｐ","1,925","-186","-8.81","0","4,228","+1,882","+80.2%","1","34.9","4.89","0.99"
"217","↓103","0","114","6951","日電子","東Ｐ","7,347","-78","-1.05","1","4,226","-4,160","-49.6%","0","16.8","2.54","1.80"
"218","↓25","0","193","4588","オンコリス","東Ｇ","3,555","+65","+1.86","0","4,199","-533","-11.3%","0","－","32.05","－"
"219","↓42","0","177","9735","セコム","東Ｐ","6,369","-39","-0.61","1","4,176","-992","-19.2%","0","24.0","1.94","1.88"
"220","↑135","1","355","7167","めぶきＦＧ","東Ｐ","1,699.5","+28.5","+1.71","1","4,166","+2,041","+96.0%","1","15.2","1.43","2.59"
"221","↓32","0","189","6806","ヒロセ電","東Ｐ","26,100","-965","-3.57","0","4,161","-606","-12.7%","0","24.4","2.25","1.99"
"222","↓43","0","179","1540","純金信託","東Ｅ","21,105","+80","+0.38","0","4,137","-985","-19.2%","0","－","－","－"
"223","↑72","2","295","5471","大同特鋼","東Ｐ","2,443.5","-85.0","-3.36","0","4,117","+1,229","+42.6%","4","17.8","1.01","2.13"
"224","↓16","0","208","2768","双日","東Ｐ","5,646","+46","+0.82","1","4,111","-281","-6.4%","0","9.0","1.03","3.19"
"225","↓33","0","192","1942","関電工","東Ｐ","5,611","-129","-2.25","0","4,104","-631","-13.3%","0","17.2","2.90","2.32"
"226","↑56","1","282","6227","ＡＩメカ","東Ｓ","6,320","-230","-3.51","0","4,100","+1,003","+32.4%","1","24.0","8.20","0.35"
"227","↓5","0","222","1801","大成建","東Ｐ","12,705","-220","-1.70","0","4,083","-117","-2.8%","0","13.7","2.22","2.99"
"228","NEW","0","","9072","ニッコンＨＤ","東Ｐ","5,749","+318","+5.86","0","4,035","","","0","32.0","2.85","1.95"
"229","↑34","2","263","8795","Ｔ＆Ｄ","東Ｐ","4,933","-5","-0.10","0","4,033","+640","+18.9%","2","17.4","1.40","3.32"
"230","↓10","0","220","9201","ＪＡＬ","東Ｐ","2,995.5","-33.5","-1.11","0","4,001","-210","-5.0%","0","11.7","0.89","3.20"
"231","↓31","0","200","8593","三菱ＨＣキャ","東Ｐ","1,381.0","-4.5","-0.32","2","3,980","-555","-12.2%","0","12.4","0.99","3.69"
"232","↓121","0","111","6376","日機装","東Ｐ","3,655","-65","-1.75","1","3,924","-4,669","-54.3%","0","15.1","1.39","1.64"
"233","↑162","1","395","1329","ｉＳ日経","東Ｅ","6,992","-166","-2.32","0","3,919","+2,082","+113.3%","1","－","－","－"
"234","↑26","3","260","3350","メタプラ","東Ｓ","227","+10","+4.61","1","3,916","+472","+13.7%","3","－","0.85","－"
"235","↑2","1","237","6134","ＦＵＪＩ","東Ｐ","7,955","-606","-7.08","0","3,898","+14","+0.4%","1","15.9","2.88","2.39"
"236","↑10","1","246","1925","大和ハウス","東Ｐ","4,594","+23","+0.50","1","3,887","+157","+4.2%","1","10.7","0.98","3.87"
"237","NEW","0","","584A","ＬｉＮＫＸ","東Ｇ","2,936","-334","-10.21","0","3,877","","","0","42.1","11.93","－"
"238","↓78","0","160","6856","堀場製","東Ｐ","24,690","-850","-3.33","0","3,872","-1,881","-32.7%","0","20.8","2.85","3.20"
"239","↑52","1","291","8354","ふくおかＦＧ","東Ｐ","7,737","-14","-0.18","0","3,848","+936","+32.1%","1","14.6","1.30","2.71"
"240","↑1","3","241","1803","清水建","東Ｐ","2,397.5","-26.0","-1.07","0","3,808","+24","+0.6%","1","9.8","1.60","3.21"
"241","↓119","0","122","4324","電通グループ","東Ｐ","3,483.0","-27.0","-0.77","1","3,799","-4,073","-51.7%","0","13.0","2.13","－"
"242","↑66","1","308","1878","大東建","東Ｐ","3,219.0","-12.0","-0.37","0","3,796","+1,104","+41.0%","1","9.7","2.11","5.06"
"243","↓24","0","219","4631","ＤＩＣ","東Ｐ","5,502","-65","-1.17","0","3,785","-490","-11.5%","0","10.9","1.02","2.73"
"244","↑6","2","250","4684","オービック","東Ｐ","4,557","+18","+0.40","1","3,752","+54","+1.5%","1","23.9","3.98","2.06"
"245","↑129","2","374","3498","霞ヶ関Ｃ","東Ｐ","7,510","-460","-5.77","0","3,723","+1,750","+88.7%","2","11.2","2.47","2.20"
"246","↓70","0","176","8303","ＳＢＩ新生銀","東Ｐ","1,619.5","-8.0","-0.49","0","3,715","-1,457","-28.2%","0","－","1.17","－"
"247","↓60","0","187","6627","テラプローブ","東Ｓ","11,320","-1,030","-8.34","0","3,671","-1,137","-23.6%","0","17.2","2.42","－"
"248","↑36","1","284","3407","旭化成","東Ｐ","1,682.5","-24.5","-1.44","0","3,659","+631","+20.8%","1","14.0","1.06","2.62"
"249","↑36","1","285","1928","積水ハウス","東Ｐ","3,388.0","-18.0","-0.53","1","3,615","+591","+19.5%","1","10.1","1.02","4.28"
"250","↓12","0","238","9503","関西電","東Ｐ","2,396.0","+2.5","+0.10","1","3,606","-265","-6.8%","0","8.6","0.75","3.34"
"251","↓53","0","198","4564","オンコセラピ","東Ｇ","21","-1","-4.55","0","3,596","-1,000","-21.8%","0","－","3.76","－"
"252","↑18","1","270","2801","キッコマン","東Ｐ","1,769.5","-12.0","-0.67","0","3,546","+287","+8.8%","1","26.7","2.86","1.41"
"253","↑28","1","281","6278","ユニオンツル","東Ｐ","16,060","-1,100","-6.41","0","3,539","+425","+13.6%","1","25.4","2.62","0.93"
"254","↓37","0","217","5101","浜ゴム","東Ｐ","7,662","+2","+0.03","1","3,527","-756","-17.7%","0","10.3","1.08","2.91"
"255","↑45","1","300","5844","京都ＦＧ","東Ｐ","5,019","-72","-1.41","0","3,515","+688","+24.3%","1","27.1","1.02","2.09"
"256","↓52","0","204","5714","ＤＯＷＡ","東Ｐ","9,559","-71","-0.74","0","3,514","-920","-20.7%","0","9.9","1.23","3.54"
"257","↑80","1","337","9602","東宝","東Ｐ","1,526.5","+27.5","+1.83","1","3,487","+1,144","+48.8%","1","31.0","2.53","1.44"
"258","↑66","1","324","2644","ＧＸ半導日株","東Ｅ","4,166","-222","-5.06","0","3,480","+1,000","+40.3%","1","－","－","－"
"259","↑70","2","329","3038","神戸物産","東Ｐ","2,764.0","-12.5","-0.45","0","3,464","+1,020","+41.7%","2","20.8","3.65","1.16"
"260","↑107","3","367","464A","ＱＰＳＨＤ","東Ｇ","1,827","-19","-1.03","0","3,464","+1,461","+72.9%","1","53.8","3.23","－"
"261","NEW","0","","8227","しまむら","東Ｐ","3,387.0","+40.0","+1.20","0","3,437","","","0","14.9","1.43","2.36"
"262","↑4","2","266","1944","きんでん","東Ｐ","6,859","-224","-3.16","0","3,401","+60","+1.8%","2","16.1","2.61","3.50"
"263","↑76","1","339","6302","住友重","東Ｐ","5,899","-34","-0.57","1","3,385","+1,061","+45.7%","1","20.0","1.00","2.46"
"264","↓67","0","197","9202","ＡＮＡＨＤ","東Ｐ","3,051.0","-37.0","-1.20","0","3,384","-1,219","-26.5%","0","14.1","1.10","1.97"
"265","↓42","0","223","5105","ＴＯＹＯ","東Ｐ","3,783","-21","-0.55","0","3,373","-824","-19.6%","0","7.5","0.85","3.57"
"266","↑109","1","375","4043","トクヤマ","東Ｐ","4,210","-60","-1.41","0","3,371","+1,402","+71.2%","1","11.7","1.06","3.14"
"267","↑39","1","306","4507","塩野義","東Ｐ","2,832.5","+29.5","+1.05","1","3,371","+622","+22.6%","1","11.5","1.36","2.68"
"268","NEW","0","","1305","ｉＦＴＰ年１","東Ｅ","4,360","-44","-1.00","0","3,362","","","0","－","－","－"
"269","↓11","0","258","6368","オルガノ","東Ｐ","14,000","-770","-5.21","0","3,358","-133","-3.8%","0","21.5","4.54","1.57"
"270","↑48","1","318","5076","インフロニア","東Ｐ","2,787.0","-33.5","-1.19","0","3,352","+841","+33.5%","1","8.5","1.39","4.74"
"271","↓47","0","224","581A","ＧＯ","東Ｇ","3,520","+65","+1.88","1","3,341","-835","-20.0%","0","25.6","11.50","－"
"272","→","0","272","6370","栗田工","東Ｐ","8,300","-199","-2.34","0","3,310","+86","+2.7%","2","17.6","2.66","1.61"
"273","↑60","1","333","6777","ｓａｎｔｅｃ","東Ｓ","19,830","-690","-3.36","0","3,307","+937","+39.5%","1","26.5","8.09","1.16"
"274","↓5","0","269","9531","東ガス","東Ｐ","6,042","+37","+0.62","1","3,289","+27","+0.8%","1","14.5","1.15","1.99"
"275","↓32","0","243","3697","ＳＨＩＦＴ","東Ｐ","882.1","-20.8","-2.30","1","3,276","-505","-13.4%","0","－","5.93","0.46"
"276","↓31","0","245","9005","東急","東Ｐ","1,643.5","+9.5","+0.58","1","3,264","-508","-13.5%","0","10.2","0.99","1.95"
"277","↑26","3","303","3231","野村不ＨＤ","東Ｐ","908.6","-6.7","-0.73","0","3,263","+494","+17.8%","1","9.0","0.97","4.84"
"278","↓4","0","274","6941","山一電機","東Ｐ","8,780","-260","-2.88","0","3,262","+81","+2.5%","2","15.7","3.30","1.91"
"279","↓40","0","239","7826","フルヤ金属","東Ｐ","8,680","-480","-5.24","0","3,253","-581","-15.2%","0","12.1","2.73","2.07"
"280","↓13","0","267","8918","ランド","東Ｓ","10","0","0.00%","0","3,250","-68","-2.0%","0","11.4","1.62","－"
"281","↑50","2","331","6869","シスメックス","東Ｐ","1,881.0","+30.5","+1.65","1","3,232","+823","+34.2%","1","30.6","2.33","2.13"
"282","↑27","2","309","4204","積水化","東Ｐ","2,652.5","0.0","0.00%","1","3,213","+535","+20.0%","2","14.1","1.26","3.05"
"283","↑10","1","293","7649","スギＨＤ","東Ｐ","2,715.0","-20.5","-0.75","1","3,197","+298","+10.3%","1","15.4","1.72","1.29"
"284","↑15","1","299","3994","マネフォ","東Ｐ","5,700","-300","-5.00","1","3,185","+356","+12.6%","1","－","7.67","－"
"285","↓7","0","278","3064","モノタロウ","東Ｐ","1,804.0","+3.5","+0.19","1","3,146","0","0.0%","0","24.5","7.35","2.05"
"286","↓56","0","230","8050","セイコーＧ","東Ｐ","10,750","-430","-3.85","0","3,136","-929","-22.9%","0","31.4","4.63","0.98"
"287","↑18","1","305","5830","いよぎんＨＤ","東Ｐ","4,049","+44","+1.10","0","3,097","+340","+12.3%","1","15.1","1.26","1.98"
"288","↓11","0","277","6754","アンリツ","東Ｐ","3,524.0","-171.0","-4.63","0","3,065","-88","-2.8%","0","30.1","3.39","1.42"
"289","NEW","0","","8276","平和堂","東Ｐ","2,756","+11","+0.40","0","3,059","","","0","13.9","0.70","2.39"
"290","↑60","2","350","5741","ＵＡＣＪ","東Ｐ","2,493","+39","+1.59","2","3,057","+876","+40.2%","2","10.7","1.18","2.81"
"291","↓35","0","256","9962","ミスミＧ","東Ｐ","3,878","-70","-1.77","0","3,056","-447","-12.8%","0","22.7","2.65","1.53"
"292","↑93","2","385","8951","ビルファンド","東Ｒ","127,000","-2,100","-1.63","0","3,020","+1,119","+58.9%","2","－","1.48","3.88"
"293","↓46","0","247","6268","ナブテスコ","東Ｐ","4,735","-203","-4.11","0","3,012","-713","-19.1%","0","23.0","1.95","1.73"
"294","↓40","0","254","9147","ＮＸＨＤ","東Ｐ","5,621","+7","+0.12","1","3,009","-618","-17.0%","0","19.1","1.60","1.78"
"295","↓111","0","184","9435","光通信","東Ｐ","37,720","-420","-1.10","2","3,008","-1,862","-38.2%","0","13.8","1.32","2.12"
"296","↑69","2","365","5406","神戸鋼","東Ｐ","2,048.5","+46.5","+2.32","3","2,998","+981","+48.6%","1","8.1","0.64","3.91"
"297","↑62","1","359","4612","日本ペＨＤ","東Ｐ","1,225.0","-11.0","-0.89","0","2,991","+956","+47.0%","1","15.0","1.42","1.39"
"298","↓1","0","297","6508","明電舎","東Ｐ","12,170","-490","-3.87","0","2,989","+123","+4.3%","1","22.1","3.11","－"
"299","↑127","1","426","9508","九州電","東Ｐ","1,908.0","+53.0","+2.86","1","2,981","+1,339","+81.5%","1","7.3","0.91","2.62"
"300","↑194","1","494","6996","ニチコン","東Ｐ","2,866","-134","-4.47","0","2,969","+1,685","+131.2%","1","28.7","1.54","1.36"
"301","↓140","0","161","1802","大林組","東Ｐ","3,029.0","-5.0","-0.16","1","2,959","-2,763","-48.3%","0","13.3","1.67","3.10"
"302","↑18","2","320","4506","住友ファーマ","東Ｐ","1,376.5","+21.0","+1.55","1","2,949","+446","+17.8%","1","8.0","1.51","－"
"303","↑102","1","405","8508","Ｊトラスト","東Ｓ","897","-18","-1.97","0","2,946","+1,160","+64.9%","1","14.7","0.74","1.90"
"304","↓132","0","172","141A","トライアル","東Ｇ","3,800","+10","+0.26","0","2,940","-2,251","-43.4%","0","43.6","3.56","0.45"
"305","↑120","1","425","6779","日電波","東Ｐ","3,055","-130","-4.08","0","2,938","+1,287","+78.0%","1","21.9","2.13","0.98"
"306","↓30","0","276","6862","ミナトＨＤ","東Ｓ","3,930","+5","+0.13","0","2,922","-251","-7.9%","0","4.8","2.48","1.07"
"307","↑15","1","322","7752","リコー","東Ｐ","1,588.5","-47.0","-2.87","0","2,910","+408","+16.3%","1","14.4","0.76","2.77"
"308","↑146","1","454","5857","ＡＲＥＨＤ","東Ｐ","3,560","-70","-1.93","0","2,908","+1,449","+99.3%","1","10.6","1.36","3.79"
"309","↓8","0","301","290A","Ｓｙｎｓ","東Ｇ","1,451","+31","+2.18","2","2,860","+58","+2.1%","2","73.5","5.27","－"
"310","↓48","0","262","3402","東レ","東Ｐ","1,348.0","+15.0","+1.13","1","2,852","-570","-16.7%","0","21.8","1.08","1.93"
"311","↑72","1","383","3405","クラレ","東Ｐ","1,847.5","-3.5","-0.19","1","2,848","+918","+47.6%","1","13.9","0.74","3.46"
"312","↓78","0","234","8377","ほくほくＦＧ","東Ｐ","8,412","-165","-1.92","0","2,847","-1,044","-26.8%","0","16.2","1.33","1.78"
"313","↓11","0","302","4022","ラサ工","東Ｐ","2,448","-87","-3.43","0","2,830","+30","+1.1%","1","22.2","2.97","1.47"
"314","↓63","0","251","6724","エプソン","東Ｐ","3,059.0","-77.0","-2.46","0","2,775","-893","-24.3%","0","14.2","1.13","2.62"
"315","↑87","2","402","5110","住友ゴ","東Ｐ","2,301.0","-59.5","-2.52","0","2,763","+971","+54.2%","1","11.0","0.80","3.65"
"316","↓20","0","296","6448","ブラザー","東Ｐ","4,584","-34","-0.74","1","2,741","-126","-4.4%","0","14.6","1.40","2.18"
"317","↑9","1","326","4680","ラウンドワン","東Ｐ","1,333.0","+34.0","+2.62","1","2,737","+272","+11.0%","1","19.2","4.08","1.35"
"318","↓92","0","226","3660","アイスタイル","東Ｐ","526","-34","-6.07","0","2,732","-1,391","-33.7%","0","37.6","2.32","0.38"
"319","↓40","0","279","4188","三菱ケミＧ","東Ｐ","1,187.0","-7.0","-0.59","2","2,722","-420","-13.4%","0","12.7","0.89","2.70"
"320","↓5","0","315","2267","ヤクルト","東Ｐ","2,849.0","+8.5","+0.30","1","2,717","+196","+7.8%","1","17.6","1.36","2.53"
"321","↓53","0","268","4523","エーザイ","東Ｐ","4,791","+62","+1.31","1","2,717","-578","-17.5%","0","25.9","1.49","3.34"
"322","↑85","1","407","5253","カバー","東Ｇ","1,538","0","0.00%","0","2,707","+935","+52.8%","1","20.0","5.64","－"
"323","↑19","1","342","2269","明治ＨＤ","東Ｐ","4,242","+47","+1.12","1","2,692","+457","+20.4%","1","18.4","1.49","2.59"
"324","↑109","2","433","8358","スルガ銀","東Ｐ","2,946","+43","+1.48","2","2,684","+1,078","+67.1%","1","15.6","1.51","2.04"
"325","↓64","0","261","3197","すかいらーく","東Ｐ","3,143.0","-22.0","-0.70","1","2,667","-764","-22.3%","0","34.9","3.67","0.86"
"326","↓227","0","99","4180","Ａｐｐｉｅｒ","東Ｐ","1,280","-22","-1.69","0","2,644","-7,510","-74.0%","0","31.7","3.27","0.18"
"327","↑172","1","499","3288","オープンＨ","東Ｐ","7,936","-255","-3.11","0","2,631","+1,358","+106.7%","1","7.4","1.48","2.58"
"328","↑20","1","348","8359","八十二長野","東Ｐ","2,735.0","+13.5","+0.50","0","2,630","+435","+19.8%","1","17.0","1.03","2.38"
"329","↓17","0","312","7202","いすゞ","東Ｐ","2,249.5","-11.0","-0.49","0","2,612","+26","+1.0%","1","9.7","1.03","4.18"
"330","NEW","0","","1330","上場日経平均","東Ｅ","69,930","-1,720","-2.40","0","2,608","","","0","－","－","－"
"331","↑3","2","334","7581","サイゼリヤ","東Ｐ","7,450","+90","+1.22","1","2,595","+229","+9.7%","1","31.0","2.80","0.47"
"332","↓15","0","317","9024","西武ＨＤ","東Ｐ","3,294.0","+16.0","+0.49","1","2,576","+63","+2.5%","1","31.0","1.46","1.28"
"333","↓19","0","314","8113","ユニチャーム","東Ｐ","967.0","-5.2","-0.53","1","2,566","+42","+1.7%","1","23.8","2.05","2.28"
"334","↓47","0","287","7259","アイシン","東Ｐ","2,262.5","+21.5","+0.96","1","2,557","-400","-13.5%","0","10.6","0.75","3.31"
"335","↑47","1","382","4368","扶桑化学","東Ｐ","3,405","-115","-3.27","0","2,550","+604","+31.0%","1","18.8","2.93","0.82"
"336","↓137","0","199","6592","マブチ","東Ｐ","1,769.5","-16.5","-0.92","0","2,550","-2,013","-44.1%","0","19.0","1.23","3.96"
"337","↑66","1","403","2282","日ハム","東Ｐ","6,302","-4","-0.06","0","2,539","+750","+41.9%","1","15.4","1.09","2.86"
"338","↑142","1","480","6254","野村マイクロ","東Ｐ","3,770","-190","-4.80","0","2,529","+1,201","+90.4%","1","13.0","3.84","2.25"
"339","↑14","1","353","7912","大日印","東Ｐ","3,302.0","-17.0","-0.51","0","2,512","+356","+16.5%","1","14.9","1.15","1.24"
"340","NEW","0","","8524","北洋銀","東Ｐ","1,325","+14","+1.07","0","2,505","","","0","16.9","1.26","2.42"
"341","↓14","0","327","2501","サッポロ","東Ｐ","1,936.5","-15.5","-0.79","1","2,493","+45","+1.8%","1","2.6","1.47","2.07"
"342","↓78","0","264","5074","テスＨＤ","東Ｐ","622","-64","-9.33","0","2,489","-897","-26.5%","0","24.4","0.84","1.54"
"343","↓68","0","275","6952","カシオ","東Ｐ","2,342.5","-56.5","-2.36","1","2,478","-700","-22.0%","0","21.9","2.18","－"
"344","↑77","1","421","2432","ディーエヌエ","東Ｐ","2,462.5","-47.5","-1.89","0","2,468","+792","+47.3%","1","－","1.04","－"
"345","NEW","0","","3289","東急不ＨＤ","東Ｐ","1,317.0","-0.5","-0.04","0","2,466","","","0","9.4","1.03","3.80"
"346","↑64","1","410","5214","日電硝","東Ｐ","5,062","-132","-2.54","0","2,461","+704","+40.1%","1","24.9","0.75","3.16"
"347","↓19","0","328","1969","高砂熱","東Ｐ","4,265","-108","-2.47","0","2,455","+10","+0.4%","1","14.0","2.70","2.88"
"348","↑89","1","437","8341","七十七","東Ｐ","3,912","+31","+0.80","0","2,453","+866","+54.6%","1","14.2","1.15","2.66"
"349","↓19","0","330","7721","東京計器","東Ｐ","7,790","+10","+0.13","0","2,448","+5","+0.2%","2","23.7","2.83","0.62"
"350","↑6","1","356","7181","かんぽ生命","東Ｐ","1,697.0","+15.5","+0.92","1","2,421","+311","+14.7%","1","13.0","0.39","2.95"
"351","↑78","2","429","2492","インフォＭＴ","東Ｐ","601","+33","+5.81","1","2,418","+789","+48.4%","1","51.7","5.33","1.09"
"352","↓99","0","253","6522","アスタリスク","東Ｇ","2,012","-69","-3.32","1","2,403","-1,226","-33.8%","0","249","8.53","－"
"353","↓94","0","259","6674","ＧＳユアサ","東Ｐ","5,563","-118","-2.08","0","2,389","-1,074","-31.0%","0","14.1","1.42","1.76"
"354","NEW","0","","6237","イワキポンプ","東Ｐ","4,540","-165","-3.51","0","2,388","","","0","19.6","2.40","2.03"
"355","↓57","0","298","7309","シマノ","東Ｐ","19,410","-120","-0.61","1","2,381","-450","-15.9%","0","38.2","1.88","1.87"
"356","NEW","0","","1662","石油資源","東Ｐ","1,871","+51","+2.80","0","2,367","","","0","7.4","0.81","2.41"
"357","↑47","2","404","7220","武蔵精密","東Ｐ","3,630","-55","-1.49","0","2,366","+579","+32.4%","1","36.6","1.90","1.10"
"358","↓54","0","304","8253","クレセゾン","東Ｐ","4,635","-70","-1.49","0","2,361","-398","-14.4%","0","8.8","0.86","3.45"
"359","↓34","0","325","4528","小野薬","東Ｐ","2,440.5","+32.0","+1.33","1","2,356","-111","-4.5%","0","16.2","1.32","3.28"
"360","↓77","0","283","4183","三井化学","東Ｐ","2,211.5","+14.5","+0.66","1","2,344","-699","-23.0%","0","17.8","0.92","3.39"
"361","↑8","1","369","4208","ＵＢＥ","東Ｐ","3,674.0","+21.0","+0.57","1","2,314","+329","+16.6%","1","14.6","0.81","4.35"
"362","↓74","0","288","4203","住友ベ","東Ｐ","7,714","-166","-2.11","0","2,312","-622","-21.2%","0","23.8","1.88","1.56"
"363","↑18","1","381","4912","ライオン","東Ｐ","1,822.0","-65.0","-3.44","0","2,311","+364","+18.7%","1","20.2","1.52","1.87"
"364","↓10","0","354","2587","サントリＢＦ","東Ｐ","4,489","-58","-1.28","1","2,308","+179","+8.4%","1","15.6","1.02","2.67"
"365","↑75","1","440","9831","ヤマダＨＤ","東Ｐ","706.9","+21.7","+3.17","1","2,301","+735","+46.9%","1","16.9","0.74","2.40"
"366","↓188","0","178","6135","牧野フ","東Ｐ","16,170","-260","-1.58","0","2,291","-2,851","-55.4%","0","17.1","1.41","2.10"
"367","↑9","1","376","4784","ＧＭＯインタ","東Ｐ","585","+44","+8.13","1","2,279","+311","+15.8%","1","30.2","5.27","3.68"
"368","↓95","0","273","9616","共立メンテ","東Ｐ","3,290.0","+84.0","+2.62","1","2,247","-953","-29.8%","0","16.6","2.04","1.40"
"369","↑83","1","452","2181","パーソルＨＤ","東Ｐ","284.1","+0.3","+0.11","1","2,231","+764","+52.1%","1","14.2","2.86","4.58"
"370","NEW","0","","6473","ジェイテクト","東Ｐ","2,150.0","+20.5","+0.96","0","2,214","","","0","13.7","0.85","3.26"
"371","NEW","0","","6997","日ケミコン","東Ｐ","2,985","-165","-5.24","0","2,208","","","0","20.4","1.67","0.84"
"372","↓53","0","319","6622","ダイヘン","東Ｐ","14,040","-500","-3.44","0","2,186","-319","-12.7%","0","20.1","2.12","1.50"
"373","↑25","1","398","8343","秋田銀","東Ｐ","8,980","+210","+2.39","0","2,185","+363","+19.9%","1","18.9","0.85","2.23"
"374","NEW","0","","6027","弁護士ＣＯＭ","東Ｐ","3,730","+370","+11.01","0","2,183","","","0","42.5","11.61","－"
"375","NEW","0","","7545","西松屋チェ","東Ｐ","2,011","+15","+0.75","0","2,180","","","0","14.3","1.21","1.59"
"376","↓30","0","346","6586","マキタ","東Ｐ","5,255","-76","-1.43","0","2,176","-50","-2.2%","0","16.7","1.35","－"
"377","↓133","0","244","7685","バイセル","東Ｇ","3,200","-200","-5.88","0","2,168","-1,605","-42.5%","0","20.2","7.46","0.84"
"378","↓12","0","366","6814","古野電","東Ｐ","8,050","+130","+1.64","1","2,164","+155","+7.7%","1","19.6","2.77","1.99"
"379","↓41","0","338","4047","関電化","東Ｐ","2,570","-145","-5.34","0","2,162","-167","-7.2%","0","19.4","1.94","1.40"
"380","↓16","0","364","3861","王子ＨＤ","東Ｐ","863.9","+2.1","+0.24","1","2,148","+128","+6.3%","1","21.0","0.68","4.17"
"381","NEW","0","","6703","ＯＫＩ","東Ｐ","2,846","-132","-4.43","0","2,147","","","0","13.7","1.44","2.28"
"382","↓96","0","286","9449","ＧＭＯ","東Ｐ","3,971","+41","+1.04","1","2,142","-878","-29.1%","0","－","2.43","－"
"383","↓148","0","235","1615","野村東証銀行","東Ｅ","769.2","+0.7","+0.09","1","2,121","-1,768","-45.5%","0","－","－","－"
"384","↓32","0","352","7189","西日本ＦＨ","東Ｐ","4,867","+23","+0.47","0","2,099","-68","-3.1%","0","14.1","1.06","2.88"
"385","NEW","0","","6136","ＯＳＧ","東Ｐ","3,825","-130","-3.29","0","2,081","","","0","15.0","1.64","3.01"
"386","↑112","1","498","429A","テクセンド","東Ｐ","3,840","-55","-1.41","0","2,079","+802","+62.8%","1","16.1","2.15","1.82"
"387","↓97","0","290","9989","サンドラッグ","東Ｐ","3,647.0","-53.0","-1.43","1","2,079","-835","-28.7%","0","13.3","1.49","3.62"
"388","↑2","1","390","7731","ニコン","東Ｐ","1,977.5","-32.5","-1.62","0","2,078","+219","+11.8%","1","65.1","1.10","1.01"
"389","↑33","1","422","1320","ｉＦ日経年１","東Ｅ","69,640","-1,750","-2.45","0","2,073","+410","+24.7%","1","－","－","－"
"390","↓98","0","292","4722","フューチャー","東Ｐ","2,446","+1","+0.04","0","2,060","-847","-29.1%","0","18.4","3.27","0.98"
"391","↑45","1","436","4099","四国化ＨＤ","東Ｐ","2,734","-66","-2.36","0","2,058","+471","+29.7%","1","18.8","2.31","1.46"
"392","↓47","0","345","3088","マツキヨココ","東Ｐ","2,487.5","+10.0","+0.40","1","2,055","-174","-7.8%","0","16.6","1.82","2.25"
"393","↑13","1","406","2871","ニチレイ","東Ｐ","2,147.0","-12.0","-0.56","1","2,053","+281","+15.9%","1","－","1.87","3.11"
"394","NEW","0","","6490","ＰＩＬＬＡＲ","東Ｐ","10,570","+90","+0.86","0","2,034","","","0","17.3","2.89","2.32"
"395","↓106","0","289","8233","高島屋","東Ｐ","2,258.5","+13.5","+0.60","1","2,026","-901","-30.8%","0","17.4","1.46","1.77"
"396","↓3","0","393","4597","ソレイジア","東Ｇ","34","-1","-2.86","0","2,023","+180","+9.8%","1","－","6.39","－"
"397","↓10","0","387","7701","島津","東Ｐ","4,101","-55","-1.32","0","2,022","+132","+7.0%","1","20.1","2.06","1.71"
"398","↑18","1","416","8334","群馬銀","東Ｐ","2,809.5","+48.0","+1.74","1","2,011","+311","+18.3%","1","16.4","1.68","2.49"
"399","↑12","1","411","3445","ＲＳテクノ","東Ｐ","5,940","-410","-6.46","0","1,993","+256","+14.7%","1","15.8","1.76","0.93"
"400","↑60","2","460","4205","ゼオン","東Ｐ","2,468.5","+1.0","+0.04","0","1,992","+569","+40.0%","1","13.1","1.20","3.20"
"401","↑94","1","495","2897","日清食ＨＤ","東Ｐ","2,917.5","-3.5","-0.12","1","1,992","+710","+55.4%","1","17.9","1.59","2.40"
"402","↓6","0","396","4902","コニカミノル","東Ｐ","632.7","-38.0","-5.67","0","1,987","+156","+8.5%","1","11.0","0.57","2.84"
"403","↓35","0","368","4461","一工薬","東Ｐ","14,350","-1,040","-6.76","0","1,964","-28","-1.4%","0","19.8","2.77","1.05"
"404","↑46","1","450","6101","ツガミ","東Ｐ","5,830","-410","-6.57","0","1,962","+466","+31.1%","1","16.0","3.11","1.68"
"405","↑77","1","482","5021","コスモＨＤ","東Ｐ","4,256","+110","+2.65","1","1,943","+617","+46.5%","1","15.4","1.00","3.88"
"406","↑59","1","465","7564","ワークマン","東Ｓ","6,300","+100","+1.61","2","1,938","+547","+39.3%","1","23.0","3.33","1.41"
"407","↑10","1","417","2579","コカＢＪＨ","東Ｐ","3,786","-83","-2.15","1","1,921","+229","+13.5%","1","27.2","1.68","1.90"
"408","↓28","0","380","4443","Ｓａｎｓａｎ","東Ｐ","1,996","-17","-0.84","1","1,904","-46","-2.4%","0","26.9","12.51","0.25"
"409","↓69","0","340","7211","三菱自","東Ｐ","348.9","+0.9","+0.26","0","1,894","-407","-17.7%","0","18.7","0.51","2.87"
"410","↓116","0","294","9684","スクエニＨＤ","東Ｐ","2,878.0","-8.0","-0.28","1","1,891","-1,006","-34.7%","0","33.5","2.93","1.49"
"411","↓225","0","186","3923","ラクス","東Ｐ","1,096.0","-4.0","-0.36","1","1,890","-2,934","-60.8%","0","15.4","10.12","0.73"
"412","↑64","1","476","3132","マクニカＨＤ","東Ｐ","3,596","-164","-4.36","0","1,880","+542","+40.5%","1","20.1","2.24","2.22"
"413","↓100","0","313","1963","日揮ＨＤ","東Ｐ","2,341.0","-14.5","-0.62","0","1,867","-674","-26.5%","0","12.3","1.33","2.22"
"414","↓73","0","341","6753","シャープ","東Ｐ","617.7","-19.8","-3.11","1","1,860","-392","-17.4%","0","16.0","1.37","－"
"415","↓57","0","358","4061","デンカ","東Ｐ","3,497.0","-109.0","-3.02","0","1,859","-208","-10.1%","0","18.8","0.97","2.86"
"416","↓59","0","357","3391","ツルハＨＤ","東Ｐ","2,361.0","-10.0","-0.42","1","1,854","-243","-11.6%","0","25.8","1.22","2.03"
"417","NEW","0","","6961","エンプラス","東Ｐ","11,340","-530","-4.47","0","1,853","","","0","20.5","1.59","0.79"
"418","↓39","0","379","1542","純銀信託","東Ｅ","30,610","-50","-0.16","0","1,847","-107","-5.5%","0","－","－","－"
"419","NEW","0","","4812","電通総研","東Ｐ","2,740","+84","+3.16","0","1,838","","","0","29.7","5.07","1.64"
"420","↓60","0","360","3092","ＺＯＺＯ","東Ｐ","1,107.5","-4.0","-0.36","1","1,835","-193","-9.5%","0","19.5","9.84","3.61"
"421","NEW","0","","5301","東海カーボン","東Ｐ","1,844.0","+51.5","+2.87","0","1,833","","","0","17.0","1.16","2.17"
"422","NEW","0","","6480","トムソン","東Ｐ","1,836","-62","-3.27","0","1,827","","","0","13.5","1.47","1.74"
"423","↓79","0","344","215A","タイミー","東Ｇ","1,565","-61","-3.75","0","1,814","-415","-18.6%","0","24.1","9.78","－"
"424","→","0","424","9023","東京メトロ","東Ｐ","1,440.0","-5.5","-0.38","1","1,812","+159","+9.6%","2","16.7","1.13","3.06"
"425","NEW","0","","3810","ＣＳＨＤ","東Ｓ","239","+11","+4.82","0","1,809","","","0","－","3.00","－"
"426","↑13","1","439","4540","ツムラ","東Ｐ","3,748","+28","+0.75","1","1,804","+237","+15.1%","1","10.7","0.85","4.22"
"427","↓4","0","423","4114","日触媒","東Ｐ","2,696.0","+28.5","+1.07","1","1,802","+142","+8.6%","1","19.4","0.99","5.19"
"428","↓200","0","228","4478","フリー","東Ｇ","3,465","+115","+3.43","1","1,802","-2,314","-56.2%","0","－","9.75","－"
"429","↑5","1","434","1568","ＴＰＸブル","東Ｅ","1,025.0","-22.0","-2.10","0","1,801","+196","+12.2%","1","－","－","－"
"430","↑19","1","449","8368","百五銀","東Ｐ","2,350","+45","+1.95","1","1,796","+298","+19.9%","1","19.6","1.08","1.79"
"431","↓23","0","408","9042","阪急阪神","東Ｐ","4,657","+22","+0.47","1","1,794","+22","+1.2%","1","13.6","0.97","2.15"
"432","↓109","0","323","1893","五洋建","東Ｐ","1,440.5","-24.0","-1.64","0","1,788","-703","-28.2%","0","11.1","2.03","3.61"
"433","↓101","0","332","4768","大塚商会","東Ｐ","3,429.0","-8.0","-0.23","1","1,788","-609","-25.4%","0","20.0","3.14","3.06"
"434","↓7","0","427","8410","セブン銀","東Ｐ","342.4","+6.8","+2.03","1","1,773","+133","+8.1%","1","20.0","1.42","3.21"
"435","↓41","0","394","4259","エクサＷｉｚ","東Ｇ","780","+40","+5.41","3","1,770","-69","-3.8%","0","－","7.40","0.64"
"436","↓58","0","378","9532","大ガス","東Ｐ","5,465","+50","+0.92","3","1,769","-189","-9.7%","0","14.3","1.13","2.38"
"437","↑48","1","485","6524","湖北工業","東Ｓ","4,930","-180","-3.52","0","1,760","+441","+33.4%","1","27.7","5.01","0.81"
"438","↓38","0","400","3003","ヒューリック","東Ｐ","1,743.0","+3.0","+0.17","1","1,741","-62","-3.4%","0","10.9","1.40","3.84"
"439","↓48","0","391","2767","円谷フィＨＤ","東Ｐ","2,384","-19","-0.79","1","1,731","-125","-6.7%","0","9.9","2.43","5.87"
"440","↓160","0","280","7389","あいちＦＧ","東Ｐ","1,868","+6","+0.32","0","1,706","-1,430","-45.6%","0","19.8","0.98","1.61"
"441","NEW","0","","4565","ネクセラ","東Ｐ","1,114","+10","+0.91","0","1,697","","","0","－","1.57","－"
"442","NEW","0","","8963","ＩＮＶ","東Ｒ","60,800","-600","-0.98","0","1,668","","","0","－","1.31","6.23"
"443","↑4","1","447","9142","ＪＲ九州","東Ｐ","3,447.0","-24.0","-0.69","0","1,625","+107","+7.0%","1","10.3","1.06","3.51"
"444","↓6","0","438","6875","メガチップス","東Ｐ","11,570","-220","-1.87","0","1,619","+35","+2.2%","1","4.9","0.48","2.25"
"445","↓73","0","372","7951","ヤマハ","東Ｐ","1,305.5","-20.5","-1.55","1","1,612","-363","-18.4%","0","18.5","1.16","1.99"
"446","NEW","0","","5463","丸一管","東Ｐ","1,765.0","-12.5","-0.70","0","1,610","","","0","15.2","1.11","2.95"
"447","NEW","0","","7327","第四北越ＦＧ","東Ｐ","2,561","+42","+1.67","0","1,596","","","0","12.7","1.13","3.12"
"448","↑7","1","455","3046","ＪＩＮＳＨＤ","東Ｐ","6,290","-150","-2.33","0","1,592","+150","+10.4%","1","17.0","4.11","1.83"
"449","↓63","0","386","7956","ピジョン","東Ｐ","2,111.5","-13.5","-0.64","0","1,581","-317","-16.7%","0","27.6","2.95","3.60"
"450","↑37","1","487","8338","筑波銀","東Ｐ","776","+7","+0.91","0","1,577","+259","+19.7%","1","9.7","0.90","0.64"
"451","↑10","1","461","9509","北海電","東Ｐ","1,064.0","+7.0","+0.66","0","1,576","+162","+11.5%","1","10.6","0.53","3.10"
"452","↑27","1","479","6770","アルプスアル","東Ｐ","2,190.0","-15.0","-0.68","0","1,574","+243","+18.3%","1","14.2","0.96","2.92"
"453","↑31","1","484","9064","ヤマトＨＤ","東Ｐ","1,928.5","-19.5","-1.00","1","1,571","+250","+18.9%","1","38.2","1.09","2.39"
"454","NEW","0","","2146","ＵＴ","東Ｐ","226","+1","+0.44","0","1,568","","","0","21.1","5.13","4.53"
"455","NEW","0","","6387","サムコ","東Ｐ","9,970","-680","-6.38","0","1,568","","","0","41.7","5.47","0.75"
"456","NEW","0","","4733","ＯＢＣ","東Ｐ","8,059","+59","+0.74","0","1,565","","","0","31.3","3.59","1.61"
"457","↑5","1","462","3281","ＧＬＰ","東Ｒ","138,600","-900","-0.65","0","1,560","+156","+11.1%","1","－","1.47","4.78"
"458","NEW","0","","4369","トリケミカル","東Ｐ","3,390","-65","-1.88","0","1,560","","","0","23.9","3.00","1.03"
"459","NEW","0","","8522","名古屋銀","東Ｐ","7,020","+220","+3.24","0","1,555","","","0","15.0","1.10","2.85"
"460","↓45","0","415","2811","カゴメ","東Ｐ","2,651.5","+23.5","+0.89","1","1,547","-158","-9.3%","0","22.8","1.24","2.19"
"461","NEW","0","","7380","十六ＦＧ","東Ｐ","2,639","+48","+1.85","0","1,540","","","0","15.6","0.90","2.01"
"462","↓21","0","441","8252","丸井Ｇ","東Ｐ","2,941.0","-3.5","-0.12","1","1,528","-26","-1.7%","0","17.8","2.23","4.56"
"463","NEW","0","","1343","野村ＲＥＩＴ","東Ｅ","1,933.5","-12.0","-0.62","0","1,524","","","0","－","－","－"
"464","↓46","0","418","8056","ビプロジー","東Ｐ","4,414","-48","-1.08","1","1,523","-163","-9.7%","0","13.2","2.41","3.17"
"465","NEW","0","","1358","上場日経２倍","東Ｅ","138,600","-6,900","-4.74","0","1,519","","","0","－","－","－"
"466","↓296","0","170","4480","メドレー","東Ｐ","2,838","+28","+1.00","0","1,516","-3,793","-71.4%","0","47.6","5.73","0.63"
"467","↓146","0","321","593A","ティアフォー","東Ｇ","903","-49","-5.15","0","1,515","-988","-39.5%","0","－","5.86","－"
"468","NEW","0","","6966","三井ハイテク","東Ｐ","967","-10","-1.02","0","1,512","","","0","17.7","1.50","1.96"
"469","NEW","0","","9007","小田急","東Ｐ","1,716.5","+14.5","+0.85","0","1,507","","","0","15.3","1.15","3.50"
"470","NEW","0","","7966","リンテック","東Ｐ","6,090","-110","-1.77","0","1,501","","","0","20.5","1.53","1.97"
"471","↓109","0","362","9861","吉野家ＨＤ","東Ｐ","3,722","-11","-0.29","1","1,495","-526","-26.0%","0","48.9","3.45","0.59"
"472","↓15","0","457","1515","日鉄鉱","東Ｐ","3,510","+85","+2.48","1","1,484","+47","+3.3%","1","22.5","1.71","1.77"
"473","NEW","0","","7717","Ｖテク","東Ｐ","5,880","-200","-3.29","0","1,475","","","0","18.5","1.49","1.36"
"474","NEW","0","","9504","中国電","東Ｐ","946.9","+13.1","+1.40","0","1,469","","","0","11.0","0.44","3.17"
"475","NEW","0","","7282","豊田合","東Ｐ","5,285","+15","+0.28","0","1,465","","","0","10.9","1.07","3.31"
"476","NEW","0","","9301","三菱倉","東Ｐ","1,516.0","+17.5","+1.17","0","1,464","","","0","22.4","1.36","2.90"
"477","↓78","0","399","6507","シンフォニア","東Ｐ","12,940","-740","-5.41","0","1,460","-344","-19.1%","0","24.3","3.58","1.24"
"478","NEW","0","","5384","フジミインコ","東Ｐ","3,885","-210","-5.13","0","1,458","","","0","27.7","3.39","1.98"
"479","NEW","0","","7180","九州ＦＧ","東Ｐ","1,561.0","+20.0","+1.30","0","1,452","","","0","14.6","0.84","2.43"
"480","NEW","0","","5032","エニーカラー","東Ｐ","2,805","+3","+0.11","0","1,445","","","0","12.9","6.23","2.21"
"481","NEW","0","","4091","日本酸素ＨＤ","東Ｐ","5,999","-84","-1.38","0","1,443","","","0","19.8","2.05","1.10"
"482","↓98","0","384","5707","東邦鉛","東Ｐ","1,121","+32","+2.94","1","1,442","-485","-25.2%","0","5.9","1.11","－"
"483","NEW","0","","2243","ＧＸ半導体","東Ｅ","4,698","-45","-0.95","0","1,441","","","0","－","－","－"
"484","NEW","0","","6472","ＮＴＮ","東Ｐ","390.8","+4.6","+1.19","0","1,441","","","0","15.5","0.77","3.33"
"485","NEW","0","","2121","ＭＩＸＩ","東Ｐ","3,430","+125","+3.78","0","1,439","","","0","9.0","1.19","4.52"
"486","↓72","0","414","4966","上村工","東Ｓ","21,540","-210","-0.97","0","1,428","-280","-16.4%","0","23.7","3.00","1.35"
"487","NEW","0","","8366","滋賀銀","東Ｐ","2,755","-10","-0.36","0","1,424","","","0","22.2","0.98","1.81"
"488","↓2","0","486","1365","ｉＦ日経Ｗブ","東Ｅ","4,466","-219","-4.67","0","1,421","+103","+7.8%","1","－","－","－"
"489","↓138","0","351","2875","東洋水","東Ｐ","10,590","0","0.00%","1","1,420","-753","-34.7%","0","15.5","1.90","2.08"
"490","NEW","0","","219A","ハートシード","東Ｇ","2,064","+119","+6.12","0","1,415","","","0","－","7.10","－"
"491","NEW","0","","5010","日精蝋","東Ｓ","332","+6","+1.84","0","1,414","","","0","3.3","0.86","－"
"492","↓91","0","401","9166","ＧＥＮＤＡ","東Ｇ","736","-19","-2.52","0","1,411","-392","-21.7%","0","－","2.04","1.09"
"493","NEW","0","","2002","日清粉Ｇ","東Ｐ","2,008.5","-2.5","-0.12","0","1,409","","","0","13.7","1.09","3.24"
"494","↓145","0","349","3626","ＴＩＳＩ","東Ｐ","3,704","-41","-1.09","1","1,408","-783","-35.7%","0","13.6","2.66","2.43"
"495","↓28","0","467","6845","アズビル","東Ｐ","1,520.5","-30.0","-1.93","0","1,408","+19","+1.4%","1","21.6","3.26","3.29"
"496","↓6","0","490","7173","東京きらぼし","東Ｐ","1,809","+11","+0.61","0","1,388","+87","+6.7%","1","13.1","1.41","1.66"
"497","NEW","0","","6226","守谷輸送機","東Ｓ","2,377","+157","+7.07","0","1,373","","","0","19.0","5.47","1.60"
"498","↓42","0","456","4676","フジＨＤ","東Ｐ","4,147","+44","+1.07","1","1,364","-76","-5.3%","0","22.6","1.10","4.82"
"499","NEW","0","","6366","千代建","東Ｓ","718","-2","-0.28","0","1,360","","","0","26.9","5.59","－"
"500","↓65","0","435","5715","古河機金","東Ｐ","4,315","+60","+1.41","1","1,357","-235","-14.8%","0","9.7","0.87","1.85"