video_id,code,name
WyWUox9ZSic,4374,ロボットペイメント
cRcWxA3Sw9A,6058,ベクトル
oA9rJivZyNI,7373,アイドマ・ホールディングス
qwQM41X_1B0,6058,ベクトル
mP8f3TBYnrc,4421,ディ・アイ・システム
RK87zqF1IB0,6562,ジーニー
B-IgPeFpBNI,7049,識学
4jmpYQifm5E,4192,スパイダープラス
KCI2N9EJcPk,3275,ハウスコム
rmNpDzRU9hs,9553,マイクロアド
So0wEnCtuX0,3469,デュアルタップ
Z6fQ6VJl0uQ,7199,プレミアグループ
cxEPjg5V2eg,9553,マイクロアド
JsFTs-RphOE,6058,ベクトル
aQ5T2nFFWqM,3976,シャノン
P2jo6Y_YZP4,7059,コプロ・ホールディングス
p-C58kPTO_c,4167,ココペリ
REnn4TvYMxM,3848,データ・アプリケーション
Tdnvr-E8u9g,4192,スパイダープラス
AaMgp1joid0,6562,ジーニー
ekhXRwHEW8A,6037,ファーストロジック(現 楽待)
NQH3P3R5r3c,9553,マイクロアド
a8tBZBwfahk,3848,データ・アプリケーション
8EQHHawXph8,2499,日本和装ホールディングス
7DpFw3FUa1o,7059,コプロ・ホールディングス
rk179UuYFhg,7069,サイバー・バズ
DifOqFkJFhM,4167,ココペリ
22t80d-r0b8,3848,データ・アプリケーション
UxzN0Ih0Vf4,5134,POPER
L3-fiFr-qdU,6558,クックビズ
eyC9hkEEw7Y,3848,データ・アプリケーション
wSnQn18I_0o,3837,アドソル日進
xLfudC7TYFA,6037,ファーストロジック(現 楽待)
oXmVujH8MR8,145A,L is B
tAI6OyuWxo0,3940,ノムラシステムコーポレーション
8jo221RkSas,3848,データ・アプリケーション
yg-AhnlqwP4,9553,マイクロアド
-WnLAkxumsw,7059,コプロ・ホールディングス
iX_Te-Q-9lk,4262,ニフティライフスタイル
fZcOap1hplA,7972,イトーキ
7yl4JOLkLVY,5134,POPER
q-0khCqc_jo,2998,クリアル
9MsxEgfcqfI,6558,クックビズ
V6SBPvMm48I,5532,リアルゲイト
bMvHM9RoOxg,4192,スパイダープラス
cxnO5IvBFZw,3848,データ・アプリケーション
Qwt_yOxAu0I,155A,情報戦略テクノロジー
uZsDfm2HZaA,205A,ロゴスホールディングス
VtYfHdWTig8,9345,ビズメイツ
b3uqeyQ-V5I,3848,データ・アプリケーション
BSfq0vxM1j0,4499,Speee
7JG52Jo2Y-k,4069,BlueMeme
Rx0GQyqzllY,6037,楽待
ChEQVh8c-Ic,5071,ヴィス
dFBxStGjVLE,7368,表示灯
EohAasxRRwA,3848,データ・アプリケーション
zuF7e3IDCkg,145A,L is B
HF0yM_xd_Ds,2497,ユナイテッド
Q6c-7AXARKE,8508,Jトラスト
okOr1ZMt-1E,3135,マーケットエンタープライズ
8xGZgWnN21Q,5134,POPER
zQOpLz-zmac,9238,バリュークリエーション
7I1dTroem6M,9562,ビジネスコーチ
KYhU_dhOSVk,3848,データ・アプリケーション
yVSuzovdWL8,9553,マイクロアド
72zGx1db4bc,6031,ZETA
z8Av5aFos1E,6551,ツナググループ・ホールディングス
GS4UgKXk5R8,5532,リアルゲイト
yPPQNy6JkK8,3848,データ・アプリケーション
RhdV75jtyzw,145A,L is B
U55kqk7Oj8o,7371,Zenken
wnt9cLZJzsQ,4261,アジアクエスト
LuLRxxkUoiA,4069,BlueMeme
R-7s_nWrTIw,2998,クリアル
qEB85zZQd9o,3967,エルテス
9GLkO_BE2a4,3848,データ・アプリケーション
_XxOxAceMaU,9553,マイクロアド
ASwwN4JQzD4,5884,クラダシ
AJfcZpTtqwM,8771,イー・ギャランティ
z2xAM4sPdK4,146A,コロンビア・ワークス
yu7wrz5ZXbA,215A,タイミー
OC6gbXOw0C8,6031,ZETA
s-_xYghoagA,276A,ククレブ・アドバイザーズ
U5-zcpE-8h8,3848,データ・アプリケーション
KJ2IpyEY1XQ,153A,カウリス
XXH5Qx1Mcv4,2436,共同ピーアール
uB1Lue0guFI,6037,楽待
ssJ5OV74fvc,7810,クロスフォー
WK5EtTniWEU,3967,エルテス
F6FOki7E4t0,9553,マイクロアド
aqhTMluCF8M,3848,データ・アプリケーション
mZ6qsG6hD8c,3979,うるる
W0mtkakGD7k,1429,日本アクア
CZ3SeI99Jic,5532,リアルゲイト
x25B2X5ZSYE,6031,ZETA
