申込日,売残_株数(百万株),売残_前週比(%),売残_金額(百万円),売残金額_前週比(%),買残_株数(百万株),買残_前週比(%),買残_金額(百万円),買残金額_前週比(%),評価損益率(%),信用倍率
2001/06/01,993,+8.6,9003,+186.2,2959,-19.5,18189,+364.6,-7.91,2.02
2001/06/08,1012,+18.3,8992,-10.8,2954,-5.4,18364,+175.8,-6.45,2.04
2001/06/15,1040,+28.2,9207,+215.1,2972,+18.2,18697,+332.6,-10.26,2.03
2001/06/22,1061,+20.8,9251,+44.2,2902,-70.1,18185,-512.3,-8.34,1.97
2001/06/29,1108,+47.4,9736,+484.4,2926,+23.4,18155,-29.7,-9.71,1.86
2001/07/06,1072,-36,9410,-325.8,2884,-41.3,17965,-189.7,-13.98,1.91
2001/07/13,1056,-16.7,9281,-129.5,2831,-53.9,17563,-402.3,-14.45,1.89
2001/07/20,1054,-2,8913,-367.5,2766,-64.5,17125,-437.9,-18.11,1.92
2001/07/27,1009,-44.8,9067,+153.5,2670,-96,16476,-649.6,-18.75,1.82
2001/08/03,1047,+37.7,9259,+192.5,2613,-57,15807,-668.4,-17.21,1.71
2001/08/10,1082,+35.2,9155,-104.2,2628,+14.8,15918,+110.9,-18.73,1.74
2001/08/17,1107,+25.4,9061,-93.8,2613,-15.1,15890,-29,-18.51,1.75
2001/08/24,1146,+39,9358,+296.5,2616,+2.5,15680,-209.5,-19.63,1.68
2001/08/31,1113,-33.2,9015,-343.1,2590,-26,15376,-304.5,-22.82,1.71
2001/09/07,1113,-0.6,9088,+73.4,2518,-71.9,14770,-605.6,-25.48,1.63
2001/09/14,1009,-103.7,8299,-789.3,2350,-168.1,13734,-1036.3,-27.94,1.65
2001/09/21,1000,-8.8,8139,-159.9,2337,-12.6,13416,-318.1,-30.75,1.65
2001/09/28,960,-40.3,7683,-456.2,2248,-89,12838,-577.7,-30.04,1.67
2001/10/05,954,-6.1,8083,+399.9,2212,-36,12492,-345.7,-27.37,1.55
2001/10/12,1020,+65.5,9055,+972.1,2187,-25.6,12190,-302.2,-26.38,1.35
2001/10/19,993,-26.5,8311,-744,2223,+36.4,12282,+92,-24.99,1.48
2001/10/26,1177,+183.8,10147,+1836.1,2211,-11.9,11998,-284.5,-22.79,1.18
2001/11/02,1176,-0.7,9904,-243.6,2227,+15.8,12028,+30,-24.28,1.21
2001/11/09,1297,+120.6,11009,+1105.4,2185,-41.9,11454,-574.1,-24.46,1.04
2001/11/16,1324,+26.7,11514,+504.6,2158,-27.8,10845,-608.6,-22.52,0.94
2001/11/23,1276,-47.6,10908,-605.5,2164,+6.6,10684,-161,-20.42,0.98
2001/11/30,1266,-10.5,10971,+62.2,2185,+21.1,10727,+42.8,-19.6,0.98
2001/12/07,1310,+44.5,10911,-60,2166,-19.8,10280,-447.5,-20.07,0.94
2001/12/14,1445,+134.8,11839,+928.6,2184,+18.4,10468,+188.6,-20.99,0.88
2001/12/21,1405,-40.1,10586,-1253.4,2082,-102,9891,-577.1,-20.26,0.93
2002/01/04,1262,-143.1,9136,-1450,2004,-77.9,9134,-757.2,-16.18,1
2002/01/11,1385,+123.3,10178,+1042.2,2047,+42.5,9438,+304,-18.57,0.93
2002/01/18,1373,-12.5,9792,-386,2043,-3.9,9663,+225,-15.98,0.99
2002/01/25,1410,+37.4,10023,+230.6,2073,+29.6,9892,+228.9,-16.54,0.99
2002/02/01,1381,-29.2,9969,-53.4,2131,+58.7,10302,+409.9,-18.19,1.03
2002/02/08,1378,-2.8,10050,+81,2140,+8.9,10313,+11,-17.41,1.02
2002/02/15,1406,+27.9,10553,+502.5,2120,-20.1,9966,-347.5,-15.5,0.94
2002/02/22,1368,-38.3,10094,-458.3,2127,+6.9,10012,+46.3,-13.99,0.99
2002/03/01,1445,+76.9,10940,+845.9,2129,+1.5,9783,-229.3,-10.44,0.89
2002/03/08,1548,+103.1,13422,+2481.7,2130,+1,9755,-27.9,-6.6,0.72
2002/03/15,1486,-61.4,12898,-524.4,2214,+84.3,10915,+1160.2,-8.77,0.84
2002/03/22,1443,-43.5,12230,-668,2269,+55,11627,+712.2,-9.84,0.95
2002/03/29,1275,-167.7,10842,-1387.8,2266,-3.1,11923,+295.5,-10.46,1.09
2002/04/05,1198,-77.8,9523,-1319.3,2255,-10.8,12082,+159.6,-8.46,1.26
2002/04/12,1103,-94.6,8720,-802.6,2313,+57.6,12803,+720.6,-8.91,1.46
2002/04/19,1130,+27.2,9001,+280.9,2285,-27.9,12351,-451.9,-7.26,1.37
2002/04/26,1120,-10,9074,+72.6,2311,+26.2,12570,+219.1,-7.38,1.38
2002/05/03,1093,-27,8624,-449.9,2326,+15,12790,+219.2,-6.04,1.48
2002/05/10,1148,+54.4,9229,+605.2,2343,+16.9,12911,+121.8,-7.09,1.39
2002/05/17,1223,+75.4,10397,+1167.5,2338,-5.8,12518,-393.3,-6.88,1.2
2002/05/24,1311,+87.4,10958,+561.6,2404,+66.6,12960,+441.6,-3.4,1.18
2002/05/31,1267,-43.8,10532,-426,2504,+99.3,13825,+865,-4.69,1.31
2002/06/07,1227,-40.4,10295,-237.8,2587,+82.9,14667,+842,-6.06,1.42
2002/06/14,1180,-46.5,9611,-683.8,2619,+31.9,15270,+602.3,-8.93,1.58
2002/06/21,1097,-83.3,8840,-771,2605,-13.7,15525,+255,-12.77,1.75
2002/06/28,1075,-22,8435,-404.1,2596,-9.1,15353,-171.5,-11.54,1.82
2002/07/05,1133,+58.2,8717,+281.6,2582,-13.2,15246,-107,-9.73,1.75
2002/07/12,1180,+46.6,9091,+374.2,2610,+28,15503,+257.1,-11.25,1.7
2002/07/19,1221,+41.4,9170,+79.1,2618,+7.4,15735,+231.4,-14.02,1.71
2002/07/26,1236,+14.8,9537,+366.8,2615,-2.3,15948,+213.1,-17.09,1.67
2002/08/02,1254,+17.8,10048,+510.5,2615,-0.3,15702,-245.4,-18.05,1.56
2002/08/09,1302,+47.9,10567,+519.5,2560,-55.2,15142,-560.1,-17.29,1.43
2002/08/16,1243,-58.9,9996,-571.1,2576,+16.5,15233,+90.8,-17.92,1.52
2002/08/23,1224,-18.8,10058,+61.7,2557,-19.1,15073,-159.9,-17.14,1.49
2002/08/30,1171,-52.8,9513,-544.9,2583,+25.8,15314,+241,-18.24,1.6
2002/09/06,1214,+42.4,9592,+78.9,2498,-85.4,14905,-408.7,-21.47,1.55
2002/09/13,1233,+19.7,9718,+125.8,2457,-40.4,14414,-491.5,-19.42,1.48
2002/09/20,1065,-168.3,8320,-1398.1,2391,-66.1,13857,-556.7,-18.54,1.66
2002/09/27,994,-70.5,7923,-396.6,2330,-61.5,13477,-380.2,-17.56,1.7
2002/10/04,973,-21.8,7401,-521.9,2333,+3.1,13563,+86,-21.5,1.83
2002/10/11,937,-35.3,6976,-424.8,2205,-127.4,12782,-781.3,-24.18,1.83
2002/10/18,964,+26.2,7480,+502.9,2193,-12.3,12293,-488.7,-21.34,1.64
2002/10/25,981,+17.6,7452,-27.2,2197,+3.8,12190,-102.4,-23.4,1.64
2002/11/01,993,+12.2,7591,+138.9,2187,-103.5,11980,-209.8,-23.49,1.57
2002/11/08,1024,+30.8,7523,-68.1,2177,-9.5,11694,-286.5,-23.15,1.55
2002/11/15,1004,-19.8,6896,-627,2097,-79.5,11006,-687.6,-28.95,1.59
2002/11/22,1062,+57.8,7092,+195.9,1942,-155.5,9721,-1284.8,-23.03,1.37
2002/11/29,1115,+53.1,7553,+461,1897,-45.1,9099,-622.8,-18.12,1.2
2002/12/06,1090,-25.6,7338,-215,1859,-37.6,8989,-109.5,-18.41,1.22
2002/12/13,1041,-48.4,7146,-191.2,1880,+21.4,9104,+114.4,-19.42,1.27
2002/12/20,965,-76.7,6514,-631.9,1886,+6.1,9023,-80.6,-19.14,1.38
2002/12/27,998,+33.1,6715,+200.6,1858,-28.3,8729,-294.3,-15.64,1.29
2003/01/10,1079,+81.3,7044,+329.4,1825,-33.3,8418,-331.1,-16,1.2
2003/01/17,1140,+61.2,7482,+437.8,1828,+3.5,8099,-318.3,-12.73,1.08
2003/01/24,1183,+42.2,7569,+87.4,1896,+67.3,8196,+96.3,-10.28,1.08
2003/01/31,1167,-15.9,7210,-359,1934,+38,8717,+521.4,-11.59,1.2
2003/02/07,1211,+44.5,7248,+37.3,1977,+43,8753,+36,-9.38,1.2
2003/02/14,1263,+52,7696,+448.2,2008,+31.4,8613,-140.2,-8.09,1.11
2003/02/21,1289,+25.3,7890,+193.7,2054,+45.3,9168,+555.1,-8.08,1.16
2003/02/28,1249,-39.2,7577,-313.1,2046,-7.3,9422,+254,-10.09,1.24
2003/03/07,1246,-3.5,7631,+54,2120,+74,9680,+257.7,-13.2,1.26
2003/03/14,1186,-59.7,7532,-98.3,2115,-47.5,9633,-45.8,-14.2,1.27
2003/03/21,1125,-60.4,7110,-421.9,2076,-39.3,9229,-404.1,-12.95,1.3
2003/03/28,1149,+23.5,6869,-241,2023,-52.2,8846,-382.5,-12.1,1.28
2003/04/04,1222,+70.9,7448,+578.3,2052,+28.9,9119,+272.9,-12.82,1.22
2003/04/11,1221,+0.8,7433,-15,2137,+84.2,9469,+349.5,-12.82,1.27
2003/04/18,1240,+19.1,7454,+21.5,2199,+61.8,9538,+69.5,-10.67,1.28
2003/04/25,1217,-23.5,7463,+8.2,2293,+94.9,9689,+150.4,-13.37,1.29
2003/05/02,1221,+4.8,7611,+148.6,2281,-12.7,9517,-171.6,-8.65,1.25
2003/05/09,1246,+24.9,7917,+305.9,2309,+27.8,9406,-111.3,-11.11,1.18
2003/05/16,1272,+25.2,8066,+149,2377,+68.7,9583,+177.2,-6.31,1.18
2003/05/23,1240,-31.3,8023,-43.4,2469,+91.5,9836,+253,-9.68,1.22
2003/05/30,1262,+21.2,8323,+300.1,2510,+41.6,9692,-143.8,-9.52,1.16
2003/06/06,1317,+55.5,8917,+594.3,2592,+81.1,9667,-24.8,-6.22,1.08
2003/06/13,1362,+45.1,9484,+567,2778,+186.3,10036,+368.9,-6.45,1.05
2003/06/20,1285,-77.3,8932,-511.9,2869,+90.7,10242,+227.3,-6.63,1.14
2003/06/27,1290,+5.3,8764,-167.9,2992,+123.5,10821,+579.1,-5.82,1.23
2003/07/04,1282,-8,9231,+466.5,3084,+91.8,11250,+428.2,-6.12,1.21
2003/07/11,1212,-69.8,8961,-270,3243,+159,12897,+1647.1,-8.54,1.43
2003/07/18,1177,-35.1,8728,-232.1,3212,-31.2,13044,+147.4,-12.13,1.49
2003/07/25,1207,+30,8870,+141.1,3246,+33.5,13376,+332.2,-9.33,1.51
2003/08/01,1224,+16.4,8726,-143.6,3291,+45.5,13926,+549.2,-8.46,1.59
2003/08/08,1205,-18.7,8608,-118.1,3318,+26.8,14374,+448.1,-11.87,1.66
2003/08/15,1272,+66.5,8945,+336.8,3297,-20.6,13853,-520.7,-7.82,1.54
2003/08/22,1318,+46.3,9483,+538.2,3402,+104.8,14206,+353.4,-5.78,1.5
2003/08/29,1320,+1.6,9517,+33.6,3589,+186.6,15082,+875.5,-6.22,1.58
2003/09/05,1327,+7.4,10068,+550.8,3643,+54.6,15920,+838.3,-6.48,1.58
2003/09/12,1355,+27.9,10182,+114.7,3755,+13.1,17182,+1261.6,-4.73,1.68
2003/09/19,1321,-33.7,10060,-122.5,3828,+53.8,17728,+546.3,-3.91,1.76
2003/09/26,1136,-185,8720,-1339.6,3925,+96.9,18940,+1219.1,-7.32,2.17
2003/10/03,1153,+16.9,9035,+314.9,3952,+26.3,19452,+511.5,-3.73,2.15
2003/10/10,1156,+2.5,9375,+339.6,4012,+60.3,20332,+879.4,-3.12,2.16
2003/10/17,1153,-2.3,9667,+292.4,4056,+43.5,21828,+1496.6,+0.03,2.26
2003/10/24,1045,-108.2,8681,-985.7,4051,-4.2,22897,+1068.1,-9.65,2.63
2003/10/31,1074,+28.8,8766,+85.2,4069,+17,23332,+435.6,-7.86,2.66
2003/11/07,1082,+7.5,8883,+116.8,4054,-14.4,23293,-39.3,-9.04,2.62
2003/11/14,1036,-45.8,8609,-274.4,3918,-136.4,22204,-1089,-14.75,2.58
2003/11/21,1031,-4.5,8422,-187.2,3685,-233,20863,-1341.2,-17.5,2.47
2003/11/28,1031,±0,8676,+254.1,3695,+9.8,20757,-105.5,-14.33,2.39
2003/12/05,1116,+85.1,9158,+482,3688,-6,20703,-53.7,-12.65,2.26
2003/12/12,1087,-28.9,9006,-151.2,3657,-31.4,20612,-90.9,-16.57,2.29
2003/12/19,1084,-3.3,9022,+15.8,3574,-83.1,19958,-654.1,-16.33,2.21
2003/12/26,1078,-5.4,8681,-341.5,3522,-51.4,19519,-439.8,-12.76,2.24
2004/01/09,1143,+64.4,9607,+926.6,3569,+46.1,19544,+25.9,-7.59,2.03
2004/01/16,1158,+15,9616,+8.9,3727,+158.3,20582,+961.6,-7.74,2.14
2004/01/23,1190,+31.7,9928,+311.9,3776,+49.4,21058,+475.8,-6.07,2.12
2004/01/30,1134,-55.9,9452,-476.1,3888,+111.6,22175,+1116.8,-8.94,2.34
2004/02/06,1111,-22.2,9216,-236,3935,+46.5,22830,+654.9,-10.44,2.47
2004/02/13,1126,+14.4,9565,+348.5,3947,+12.5,22936,+106.1,-9.2,2.39
2004/02/20,1123,-2.8,9409,-155.4,3966,+18.4,22618,-317.8,-8.06,2.4
2004/02/27,1144,+21.2,9888,+478.5,3873,-92.8,22174,-443.8,-7.33,2.24
2004/03/05,1264,+119.2,10924,+1035.9,3836,-37,21291,-882.9,-4.8,1.94
2004/03/12,1222,-41.6,10402,-521.9,4006,+170.3,22822,+1530.9,-4.65,2.19
2004/03/19,1231,+8.5,10169,-232.9,4058,+51.6,23341,+619,-2.31,2.29
2004/03/26,1201,-29.9,9902,-267.1,4094,+36.3,23553,+112.1,+1.36,2.37
2004/04/02,1197,-3.9,9384,-518,4187,+92.7,24734,+1180.3,+1.36,2.63
2004/04/09,1209,+11.7,9525,+141.4,4248,+60.8,26014,+1280.6,-0.64,2.73
2004/04/16,1196,-12.1,9457,-68.4,4502,+254.2,28478,+2463.8,-0.33,3.01
2004/04/23,1186,-10.1,9735,+278,4491,-11.2,28887,+408.7,-0.92,2.96
2004/04/30,1147,-39.7,9194,-541.3,4653,+161.5,30054,+1166.5,-2.29,3.26
2004/05/07,1160,+13.4,9304,+110.3,4724,+71.9,30932,+878.7,-5.31,3.32
2004/05/14,1077,-83.1,8970,-333.7,4587,-137.5,29986,-946.5,-12.55,3.34
2004/05/21,1109,+32.6,9212,+241.7,4406,-180.8,28595,-1391,-9.15,3.1
2004/05/28,1158,+48.4,9642,+430.1,4405,-0.8,28275,-319.4,-8.94,2.93
2004/06/04,1190,+32.2,9825,+182.5,4485,+79.4,29128,+852.5,-10.07,2.96
2004/06/11,1273,+82.4,10640,+815.1,4480,-4.2,29046,-82,-8.45,2.73
2004/06/18,1292,+19.1,10486,-154.1,4586,+105.5,30281,+1235.4,-7.41,2.88
2004/06/25,1275,-16.5,10219,-266.3,4503,-83.4,29541,-740.3,-6.22,2.89
2004/07/02,1269,-6.4,10222,+3.1,4513,+10.4,29934,+393.3,-8.39,2.92
2004/07/09,1251,-18.1,10004,-218.6,4524,+10.5,30446,+511.3,-9.69,3.04
2004/07/16,1239,-11.1,10079,+75.6,4563,+39.7,30605,+158.8,-8.61,3.03
2004/07/23,1221,-18.5,9863,-216.3,4601,+38.1,30821,+216,-10.52,3.12
2004/07/30,1260,+38.8,10327,+463.5,4495,-106.7,29484,-1336.9,-12.64,2.85
2004/08/06,1223,-36.4,9922,-404.7,4499,+4.7,29064,-419.6,-14.15,2.93
2004/08/13,1222,-1.1,9788,-133.9,4530,+30.1,29298,+233.7,-13.48,2.99
2004/08/20,1262,+40,10161,+373.5,4506,-23.8,28980,-317.3,-12.29,2.85
2004/08/27,1337,+75.2,10623,+461.6,4519,+12.8,28987,+6,-9.7,2.73
2004/09/03,1458,+120.2,11097,+474.1,4615,+96.1,29382,+395.3,-8.99,2.64
2004/09/10,1507,+49.5,11292,+194.8,4682,+67.5,29540,+158.5,-8.53,2.61
2004/09/17,1455,-52.5,11179,-112.8,4677,-4.9,29132,-408.8,-10.81,2.61
2004/09/24,1447,-7.8,10869,-309.7,4618,-59.2,28785,-346,-11.88,2.64
2004/10/01,1427,-19.9,11145,+276.1,4461,-157.3,27176,-1609.6,-10.18,2.43
2004/10/08,1488,+60.6,11197,+51.1,4353,-107.2,25641,-1535.2,-7.91,2.29
2004/10/15,1434,-53.7,10712,-484.9,4309,-44.9,25509,-131.1,-9.68,2.38
2004/10/22,1469,+35.5,10845,+132.9,4300,-8.8,25465,-44.3,-10.36,2.35
2004/10/29,1486,+16.7,11189,+344.1,4320,+19.8,25050,-414.9,-10.73,2.23
2004/11/05,1546,+60.1,11663,+474,4265,-54.9,24197,-853.1,-8.97,2.07
2004/11/12,1551,+5.1,11917,+253.8,4317,+52.1,24096,-100.9,-9.22,2.02
2004/11/19,1568,+16.9,12200,+283.4,4360,+43.4,23768,-327.6,-9.66,1.94
2004/11/26,1541,-26.9,11680,-520.4,4419,+58.9,24277,+508.2,-9.71,2.07
2004/12/03,1574,+32.3,12423,+743,4447,+27.4,24263,-13.8,-8.49,1.95
2004/12/10,1580,+6.4,12407,-15.8,4571,+124.1,25110,+847.6,-10.11,2.02
2004/12/17,1580,+0.2,12281,-126.3,4476,-94.8,24134,-976.7,-9.56,1.96
2004/12/24,1590,+9.8,12281,+0.7,4437,-38.6,23338,-795.4,-7.75,1.9
2004/12/30,1550,-40.3,12160,-121.7,4461,+23.9,23178,-160,-5.66,1.9
2005/01/07,1631,+81.1,12500,+340.4,4548,+86.5,23724,+545.6,-4.1,1.9
2005/01/14,1686,+55,12677,+176.8,4612,+64.4,24618,+893.7,-2.99,1.94
2005/01/21,1699,+12.8,12435,-242.3,4699,+86.5,25818,+1200.5,-3.55,2.07
2005/01/28,1761,+62.1,12741,+306.5,4762,+63.2,26596,+777.5,-2.43,2.08
2005/02/04,1801,+39.9,12892,+150.5,4812,+50.1,27127,+531.7,-2.14,2.1
2005/02/10,1887,+85.8,13394,+502.6,4843,+30.7,27227,+99.7,-1.21,2.03
2005/02/18,1803,-83.1,13366,-28.2,4890,+47,27159,-68.3,-3.04,2.03
2005/02/25,1803,-14,13408,+41.9,4967,+76.8,27810,+65.1,-2.1,2.07
2005/03/04,1873,+70.8,13946,+538,5087,+120.5,28269,+45.8,-0.33,2.02
2005/03/11,1867,-6,13543,-403.2,5218,+130.8,28928,+659.5,-0.17,2.13
2005/03/18,1819,-47.7,13117,-425.7,5343,+124.7,30090,+116.1,-0.19,2.29
2005/03/25,1774,-45.6,12834,-283.3,5415,+71.7,30897,+806.8,-2.1,2.4
2005/04/01,1654,-119.5,11791,-1042.7,5414,-2.8,30979,+82.3,-3.29,2.62
2005/04/08,1704,+49.4,12384,+592.9,5409,-5.6,30572,-407.5,-2.84,2.46
2005/04/15,1632,-71.5,11742,-641.6,5450,+41.6,31563,+990.8,-6.92,2.68
2005/04/22,1640,+7.8,11916,+173.9,5363,-87.1,31909,+346.1,-6.94,2.67
2005/05/06,1645,+5.6,11964,+48.3,5312,-51.6,31664,-244.2,-5.34,2.64
2005/05/13,1685,+39.5,12243,+278.1,5408,+96.2,32645,+980.5,-6.42,2.66
2005/05/20,1681,-4.1,12402,+158.9,5299,-108.8,31677,-968.4,-8.2,2.55
2005/05/27,1705,+24.5,12760,+358,5342,+42.7,31391,-285.3,-10.04,2.46
2005/06/03,1773,+68,13177,+417.8,5350,+8.3,31155,-236.2,-7.64,2.36
2005/06/10,1785,+11.8,13348,+170.6,5386,+36.1,31143,-11.9,-7.15,2.33
2005/06/17,1805,+19.3,13490,+142.2,5418,+32.3,30636,-506.5,-6.19,2.27
2005/06/24,1805,+0.7,13723,+232.3,5410,-8.2,30336,-300.8,-6.37,2.21
2005/07/01,1813,+7.4,14011,+287.7,5372,-38.7,30045,-290.6,-6.2,2.14
2005/07/08,1864,+51.4,14329,+318.8,5357,-14.9,30020,-24.7,-6.5,2.09
2005/07/15,1898,+33.2,14917,+588,5258,-98.3,29315,-705.4,-5.86,1.96
2005/07/22,1920,+21.8,14751,-166.4,5273,+14.5,29733,+418.5,-5.78,2.01
2005/07/29,1975,+55.3,15172,+420.9,5262,-10.4,29311,-421.8,-4.5,1.93
2005/08/05,1899,-76.2,14921,-251.2,4974,-288.4,28719,-592,-7.4,1.92
2005/08/12,2014,+115.5,16147,+122.6,4919,-55,27845,-874.3,-4.62,1.72
2005/08/19,1999,-15.1,15928,-219,5102,+183,29093,+1247.7,-4.34,1.82
2005/08/26,1977,-22.4,15930,+2.1,5182,+80.2,29298,+204.6,-4.54,1.83
2005/09/02,2033,+56.8,16301,+370.8,5179,-2.8,29802,+504.9,-3.6,1.82
2005/09/09,2027,-6.5,16686,+384.7,5257,+77.8,30076,+273.2,-3.95,1.8
2005/09/16,2084,+56.7,16829,+143.1,5426,+168.6,30438,+362.1,-1.74,1.8
2005/09/22,2066,-17.1,16955,+125.9,5482,+56.5,30940,+501.8,-2.08,1.82
2005/09/30,1997,-69.6,16530,-424.6,5571,+88.8,31892,+952.3,-1.26,1.92
2005/10/07,1915,-81.8,15825,-705,5835,+263.8,34711,+2819.3,-3.44,2.19
2005/10/14,1971,+56.4,16528,+70.3,5950,+115.1,35665,+953.2,-3.18,2.15
2005/10/21,1974,+2.7,16081,-447.2,6120,+169.8,37111,+1446.5,-3.71,2.3
2005/10/28,2014,+39.9,16687,+605.9,6129,+8.6,37370,+258.6,-2.57,2.23
2005/11/04,2038,+24.7,16933,+245.7,6137,+8.4,37637,+266.6,+0.63,2.22
2005/11/11,1979,-58.9,16647,-285.6,6342,+205.2,40028,+2391.5,+0.08,2.4
2005/11/18,1951,-28.1,16797,+149.8,6431,+88.9,41009,+980.7,-0.19,2.44
2005/11/25,1914,-37.8,16463,-334,6469,+38,42828,+1819.1,-0.76,2.6
2005/12/02,1919,+5.7,16862,+398.8,6549,+79.8,44121,+1292.4,+1.65,2.61
2005/12/09,1880,-38.9,16419,-442.3,6762,+212.9,47526,+3405.5,+2.09,2.89
2005/12/16,1856,-24.4,16250,-169.8,7079,+316.5,50946,+3420.1,+1.02,3.13
2005/12/22,1860,+4.5,16262,+12.8,7041,-37.9,50670,-276.7,+2.7,3.11
2005/12/30,1738,-122.4,15134,-1128.5,7103,+62.2,52314,+1644.4,+2.97,3.45
2006/01/06,1787,+49,15790,+655.7,7229,+125.7,54541,+2227.2,+3.31,3.45
2006/01/13,1760,-27,15931,+140.9,7371,+142.2,57662,+2995.6,+2.54,3.62
2006/01/20,1665,-94.8,15147,-783.7,6992,-379.1,56092,-1570.7,-4.58,3.7
2006/01/27,1702,+37,16084,+936.3,6893,-98.7,54906,-1185.3,-0.95,3.41
2006/02/03,1715,+13,16092,+8.6,7027,+133.8,57011,+2105.2,-0.17,3.54
2006/02/10,1713,-1.6,15909,-182.9,7126,+98.8,59836,+2824.5,-3.95,3.76
2006/02/17,1685,-28.4,15691,-218.5,6771,-355,56181,-3654.6,-11.31,3.58
2006/02/24,1733,+48.2,15757,+66.7,6434,-337,53062,-3119.5,-5.69,3.37
2006/03/03,1724,-9,15728,-29,6567,+133.4,54475,+1413,-9.79,3.46
2006/03/10,1721,-3,15956,+227.3,6604,+36.8,54475,±0,-7.26,3.41
2006/03/17,1745,+23.6,16460,+504.7,6620,+15.3,54844,+369,-7.22,3.33
2006/03/24,1754,+9.2,16046,-414.4,6585,-34.1,54677,-166.3,-5.85,3.41
2006/03/31,1711,-42.5,15801,-245.3,6645,+59.8,53693,-984.8,-3.43,3.4
2006/04/07,1779,+67.8,16765,+964.7,6695,+49.3,53239,-453.3,-2.61,3.18
2006/04/14,1739,-40.2,16242,-523.2,6928,+233.7,57097,+3858,-4.35,3.52
2006/04/21,1752,+13.4,16915,+673.2,6757,-170.9,56258,-839.5,-7.1,3.33
2006/04/28,1740,-12.2,16383,-532.3,6726,-31.9,57353,+1095.5,-7.7,3.5
2006/05/12,1764,+24.3,16635,+251.6,6686,-39.6,57754,+400.6,-9.4,3.47
2006/05/19,1766,+1.7,16603,-31.7,6556,-129.7,57683,-70.3,-11.4,3.47
2006/05/26,1613,-152.9,15446,-1157,6475,-80.8,56977,-706.2,-12.94,3.69
2006/06/02,1622,+9.2,15625,+179.3,6014,-461.4,52830,-4146.9,-15.28,3.38
2006/06/09,1622,-0.4,15616,-9.5,5626,-387.3,49390,-3440.1,-19.74,3.16
2006/06/16,1637,+14.1,15066,-549,5509,-117.6,48218,-1171.5,-15.34,3.2
2006/06/23,1616,-21,14852,-241.3,5560,+50.8,48498,+279.7,-14.34,3.27
2006/06/30,1655,+39.8,15249,+396.6,5561,+1.1,47163,-1335.2,-12.61,3.09
2006/07/07,1700,+44.4,15504,+254.8,5583,+22.6,47042,-120.6,-13.02,3.03
2006/07/14,1706,+6.4,15364,-139.6,5521,-61.9,46289,-753.4,-16.22,3.01
2006/07/21,1668,-38,14822,-542.1,5212,-309,43286,-3002.4,-17.42,2.92
2006/07/28,1694,+25,15411,+588.9,5127,-85.2,41248,-2038,-16.03,2.68
2006/08/04,1687,-6.8,15291,-119.8,5094,-32.9,40744,-504,-12.89,2.66
2006/08/11,1708,+21.1,15537,+245.7,5053,-40.7,40234,-510.2,-11.75,2.59
2006/08/18,1768,+60.2,16327,+790.6,5083,+29.5,39298,-936.3,-8.4,2.41
2006/08/25,1754,-14.8,16274,-53.5,5211,+127.8,40430,+1132.5,-9.13,2.48
2006/09/01,1738,-16.1,15950,-324,5170,-40.5,40225,-205.4,-9.25,2.52
2006/09/08,1750,+12.4,16159,+209.3,5334,+163.8,41835,+1610.5,-7.87,2.59
2006/09/15,1693,-57.2,15854,-305.1,5301,-33.3,41597,-238.4,-11.4,2.62
2006/09/22,1626,-67,15284,-570,5279,-21.3,41626,+28.7,-12.65,2.72
2006/09/29,1649,+22.8,15643,+359.4,5077,-202.1,39032,-2563.7,-10.16,2.5
2006/10/06,1679,+30.6,16611,+967.5,5014,-63.1,37435,-1597,-10.61,2.25
2006/10/13,1676,-3.6,16453,-158.2,4880,-134,36202,-1232.3,-11.09,2.2
2006/10/20,1668,-7.7,16260,-192.4,4879,-1.1,36228,+25.8,-7.83,2.23
2006/10/27,1680,+12.2,16447,+186.3,4928,+49.4,36694,+465.6,-7.43,2.23
2006/11/02,1649,-31.2,15927,-519.4,4993,+64.5,37712,+1018.3,-8.68,2.37
2006/11/10,1640,-8.9,15717,-209.8,4941,-51.2,37919,+207,-10.41,2.41
2006/11/17,1607,-33.2,15447,-270.4,4895,-46.6,37539,-380.1,-11.14,2.43
2006/11/24,1614,+6.8,15557,+109.8,4760,-134.7,36806,-733.2,-12.72,2.37
2006/12/01,1645,+31,16007,+450.7,4742,-18.1,35999,-806.6,-8.09,2.25
2006/12/08,1642,-2.3,15813,-194.5,4807,+64.7,36535,+535.6,-7.42,2.31
2006/12/15,1647,+4.7,16193,+380.5,4796,-10.4,35931,-603.3,-6.53,2.22
2006/12/22,1647,±0,16032,-161.9,4855,+58.8,36203,+271.9,-7.53,2.26
2006/12/29,1571,-76.4,14921,-1110.3,4856,+1.3,36123,-80.3,-6.6,2.42
2007/01/12,1623,+52.5,15709,+787.8,4944,+87.1,36778,+654.5,-6.56,2.34
2007/01/19,1706,+82.6,16095,+386.1,4909,-34.6,36623,-154.4,-3.56,2.28
2007/01/26,1666,-40.4,15946,-148.9,4906,-2.4,37083,+460,-3.39,2.33
2007/02/02,1677,+11.3,16538,+591.9,4835,-71.2,36982,-100.8,-4.68,2.24
2007/02/09,1712,+35,16870,+331.8,4817,-17.9,38121,+1138.6,-5.02,2.26
2007/02/16,1712,-0.3,16732,-138.4,4763,-54.1,37800,-320.9,-4,2.26
2007/02/23,1748,+36,17035,+303.8,4861,+98.2,38104,+303.9,-1.18,2.24
2007/03/02,1670,-78,16178,-857.8,4966,+105.1,40461,+2356.8,-6.18,2.5
2007/03/09,1614,-56,15729,-448.3,5094,+127.3,42657,+2195.7,-4.75,2.71
2007/03/16,1564,-49.5,14942,-786.7,5220,+125.7,44305,+1648.7,-7.47,2.97
2007/03/23,1528,-35.7,14947,+4.1,5071,-148.9,43098,-1207.1,-5.2,2.88
2007/03/30,1506,-22.1,14293,-654,5149,+77.9,43746,+648.2,-5.79,3.06
2007/04/06,1531,+25.3,14541,+248.5,5038,-110.1,42762,-984.5,-6.44,2.94
2007/04/13,1526,-4.9,14796,+254.4,5063,+24.3,42963,+200.8,-7.52,2.9
2007/04/20,1516,-10.3,14379,-416.7,4987,-76.1,42044,-918.6,-8.32,2.92
2007/04/27,1534,+17.5,14610,+230.8,4838,-148.3,40484,-1560,-8.63,2.77
2007/05/11,1596,+62.3,15272,+661.8,4985,+146.5,41942,+1458.2,-6.51,2.75
2007/05/18,1544,-51.8,14824,-447.9,4876,-108.5,41384,-558.5,-10.33,2.79
2007/05/25,1525,-19.2,14738,-85.7,4833,-42.9,40974,-409.9,-8.51,2.78
2007/06/01,1602,+76.6,15717,+979.6,4776,-57.5,39651,-1323.2,-6.29,2.52
2007/06/08,1569,-32.4,15307,-410.8,4965,+189.2,42333,+2682.2,-5.39,2.77
2007/06/15,1568,-0.7,15298,-8.9,4920,-44.8,41610,-722.6,-4.76,2.72
2007/06/22,1574,+5.6,15597,+299.6,5002,+82.1,41979,+369.1,-4.75,2.69
2007/06/29,1543,-31.4,15268,-329.7,5002,-0.6,42188,+209.2,-5.74,2.76
2007/07/06,1542,-1,15190,-77.7,4990,-11.9,41669,-519.6,-5.65,2.74
2007/07/13,1515,-26.9,14887,-302.7,4964,-25.8,41636,-33,-5.99,2.8
2007/07/20,1521,+6.2,14776,-111.2,4932,-32.2,41753,+117.6,-6.14,2.83
2007/07/27,1457,-63.7,14339,-436.9,4957,+25,43312,+1558.1,-9.81,3.02
2007/08/03,1428,-28.7,13830,-509,4932,-24.9,43805,+493.2,-9.97,3.17
2007/08/10,1361,-67.6,13326,-503.8,4789,-143,42779,-1025.9,-13.57,3.21
2007/08/17,1289,-71.5,12625,-701.3,4597,-191.6,41462,-1317,-21.49,3.28
2007/08/24,1291,+1.9,12673,+48.1,4334,-262.4,38892,-2569.4,-14.43,3.07
2007/08/31,1303,+11.8,12755,+82.7,4260,-74.9,37648,-1244.5,-13.76,2.95
2007/09/07,1307,+4.1,12593,-162.4,4275,+15.1,37761,+112.9,-16.33,3
2007/09/14,1367,+5.9,13179,+586.1,4098,-177,36026,-1735.2,-17.99,2.73
2007/09/21,1377,+10.2,12839,-340.6,3970,-127.1,34629,-1396.4,-16.91,2.7
2007/09/28,1399,+21.5,13164,+325.5,3932,-38.7,33988,-641.2,-12.38,2.58
2007/10/05,1407,+8.6,13197,+33,3992,+60.3,33773,-214.7,-9.93,2.56
2007/10/12,1405,-2.2,13272,+75,4015,+22.7,33771,-2,-9.59,2.54
2007/10/19,1399,-5.8,13000,-272.6,4118,+103.5,35340,+1568.6,-12.03,2.72
2007/10/26,1358,-41,12789,-210.8,4104,-14.2,35755,+415.6,-13.13,2.8
2007/11/02,1396,+37.4,12926,+137.5,4150,+45.5,36104,+348.8,-12.26,2.79
2007/11/09,1376,-20,12556,-369.9,4093,-57.1,35674,-430.6,-18.11,2.84
2007/11/16,1395,+19.4,12359,-196.9,3983,-109.5,34501,-1172.2,-18.16,2.79
2007/11/22,1404,+8.7,12462,+103.1,3808,-175.1,33198,-1303.7,-20.36,2.66
2007/11/30,1455,+50.8,12876,+413.6,3686,-121.7,31479,-1718.6,-16.04,2.44
2007/12/07,1472,+17,13268,+392.2,3667,-19.4,30562,-917,-14.58,2.3
2007/12/14,1415,-57,12387,-881.2,3764,+97.5,32002,+1440.1,-16.12,2.58
2007/12/21,1378,-36.8,11922,-465.2,3647,-11.6,31005,-996.9,-17.68,2.6
2007/12/28,1319,-59,11222,-700.3,3551,-96.4,29926,-1079.5,-16.24,2.67
2008/01/11,1345,+26,11587,+365.2,3468,-82.5,29123,-802.2,-21.23,2.51
2008/01/18,1316,-28.4,11081,-505.4,3121,-347.5,26136,-2987.2,-21.05,2.36
2008/01/25,1326,+9.2,11312,+230.7,2953,-168.2,23727,-2409.2,-19.46,2.1
2008/02/01,1306,-19.3,11134,-177.8,2945,-7.5,23323,-403.6,-19.47,2.09
2008/02/08,1296,-10.1,10959,-175.1,2998,+53.4,23738,+414.3,-22.22,2.17
2008/02/15,1383,+87.3,11672,+713.2,2901,-97.5,22593,-1144.4,-19.46,1.94
2008/02/22,1370,-13.4,11473,-199.4,2994,+93.5,23345,+751.4,-17.07,2.03
2008/02/29,1382,+11.8,11521,+47.7,3054,+59.9,23646,+301.7,-16.18,2.05
2008/03/07,1384,+1.7,11637,+116,3098,+43.9,24138,+491.2,-21.01,2.07
2008/03/14,1307,-76.6,10914,-729.1,3047,-51,23547,-590.9,-24.32,2.16
2008/03/21,1297,-9.9,10620,-293.6,2944,-103.2,22508,-1038.1,-21.95,2.12
2008/03/28,1295,-2,10538,-82.3,2859,-84.7,21806,-702.9,-20.24,2.07
2008/04/04,1327,+32.5,11229,+690.8,2732,-127.2,20222,-1583.5,-20.02,1.8
2008/04/11,1333,+5.3,11363,+134,2749,+17.1,20121,-101.3,-19.77,1.77
2008/04/18,1357,+23.8,11636,+273.6,2685,-63.9,19207,-914,-18,1.65
2008/04/25,1398,+41.4,12348,+711.2,2629,-56.1,18309,-897.5,-17.04,1.48
2008/05/02,1416,+18,12706,+358.2,2528,-101.5,17223,-1085.9,-15.12,1.36
2008/05/09,1416,-0.5,12527,-178.5,2591,+62.9,18228,+1004.6,-14.99,1.46
2008/05/16,1449,+33.1,12729,+201.5,2542,-48.4,17710,-517.5,-12.75,1.39
2008/05/23,1427,-21.5,12403,-325.7,2700,+1580,19536,+1825.9,-11.58,1.58
2008/05/30,1440,+12.8,12663,+259.6,2683,-16.8,18978,-558.5,-11.4,1.5
2008/06/06,1443,+3,12495,-167.6,2780,+97.1,19562,+584.3,-10.16,1.57
2008/06/13,1379,-63.9,11720,-775.4,2888,+107.5,21026,+1464.3,-11.96,1.79
2008/06/20,1387,+7.2,11939,+219.1,3005,+117.4,21614,+587.6,-12.44,1.81
2008/06/27,1373,-13.1,11704,-235.1,3015,+9.4,22065,+450.9,-14.37,1.89
2008/07/04,1370,-3,11489,-214.4,2980,-35.1,21830,-235.2,-15.44,1.9
2008/07/11,1403,+32.8,11738,+248.8,2932,-47.4,21467,-363,-16.27,1.83
2008/07/18,1364,-39.2,11259,-479.5,2912,-19.8,21356,-110.8,-18.06,1.9
2008/07/25,1378,+13.7,11137,-121.4,2837,-75.3,20760,-595.6,-14.74,1.86
2008/08/01,1363,-14.5,11048,-89.4,2862,+25.2,21276,+515.3,-16.62,1.92
2008/08/08,1350,-12.8,10994,-53.2,2771,-91.3,20433,-842.2,-18.2,1.86
2008/08/15,1314,-35.8,10781,-213.2,2743,-28.4,20322,-111.5,-19.37,1.88
2008/08/22,1302,-12.1,10664,-117.1,2737,-5.1,20520,+197.7,-19.7,1.92
2008/08/29,1385,+83.1,11405,+740.6,2637,-100.6,19384,-1135.1,-19.09,1.7
2008/09/05,1291,-94.3,10473,-931.4,2627,-9.3,19288,-96,-24.54,1.84
2008/09/12,1324,+32.8,10967,+493.7,2571,+56.7,18810,-478.6,-22.58,1.72
2008/09/19,1206,-118.1,9804,-1163.3,2474,-97,17980,-829.7,-22.36,1.83
2008/09/26,1173,-33.2,9356,-448,2524,+50.3,18154,+174.1,-23.33,1.94
2008/10/03,1091,-81.2,8655,-700.6,2461,-62.4,17585,-569.2,-30.76,2.03
2008/10/10,1067,-23.8,7806,-849.3,2079,-382.2,14089,-3496.3,-38.67,1.8
2008/10/17,1142,+74.3,8156,+350.5,2052,-27.3,13938,-150.3,-35.41,1.71
2008/10/24,1129,-13,7923,-233.3,2145,+73.2,14114,+175.3,-39.65,1.78
2008/10/31,1214,+85.4,8315,+392.3,1886,-239.4,11915,-2198.9,-35.39,1.43
2008/11/07,1226,+11.7,8586,+270.6,1924,+38.1,12013,+98.6,-32.29,1.4
2008/11/14,1212,-14.3,8523,-62.7,2024,+100,12529,+515.4,-32.76,1.47
2008/11/21,1243,+31.6,8614,+91.2,1985,-38.7,12147,-382.1,-35.62,1.41
2008/11/28,1342,+98.4,9267,+652.2,1903,-81.7,11502,-645.1,-34.02,1.24
2008/12/05,1370,+28.7,9316,+49.1,1925,+21.7,11328,-173.1,-37.51,1.22
2008/12/12,1431,+60.3,9552,+236.2,1841,-83.7,10835,-493.4,-33.11,1.13
2008/12/19,1408,-22.3,9503,-49,1839,-2.2,10465,-370.2,-31.36,1.1
2008/12/30,1392,-16.8,9160,-342.4,1819,-19.9,10084,-380.2,-27.78,1.1
2009/01/09,1542,+150.3,9419,+258.3,1998,+178.8,10278,+193.4,-24.21,1.09
2009/01/16,1466,-76.3,8760,-658.6,2120,+122.3,10995,+716.8,-23.96,1.26
2009/01/23,1474,+8.2,8872,+111.8,2223,+103.1,11487,+491.8,-26.13,1.29
2009/01/30,1524,+50.3,9267,+394.8,2137,-857.6,10824,-662.9,-25.09,1.17
2009/02/06,1570,+46.1,9521,+254.5,2123,-14.1,10652,-171.8,-24.61,1.12
2009/02/13,1534,-36.6,9291,-230.5,2178,+54.4,10838,+186.2,-25.73,1.17
2009/02/20,1500,-33.6,8919,-371.2,2244,+66.5,11069,+230.5,-27.93,1.24
2009/02/27,1537,+36.6,9141,+221.9,2214,-30.4,10599,-469.7,-26.24,1.16
2009/03/06,1573,+36.4,8902,-239.5,2272,+57.7,11092,+492.8,-25.72,1.25
2009/03/13,1567,-6.2,8961,+59.1,2241,-31,10631,-460.8,-25.62,1.19
2009/03/19,1584,+16.8,9020,+59.3,2110,-130.5,9978,-653.1,-21.72,1.11
2009/03/27,1691,+107.1,9944,+923.4,1940,-1699,8987,-990.9,-18.49,0.9
2009/04/03,1727,+36.1,10289,+345.3,1968,+28.2,9062,+75.2,-17.58,0.88
2009/04/10,1733,+5.9,10250,-38.7,2044,+75.8,9537,+474.6,-14.56,0.93
2009/04/17,1669,-64.1,9751,-499.6,2160,+116.1,10186,+649.1,-13.6,1.04
2009/04/24,1650,-19,9524,-227.3,2253,+92.2,10837,+651.1,-13.5,1.14
2009/05/01,1630,-20,9731,+207.2,2146,-106.2,10231,-605.6,-13.09,1.05
2009/05/15,1627,-2.7,9687,-43.4,2225,+79,11020,+789,-11.34,1.14
2009/05/22,1631,+4,9717,+29.2,2375,+149.4,11788,+768,-11.31,1.21
2009/05/29,1711,+79.8,10178,+461.8,2444,+69.4,11950,+161.7,-10,1.17
2009/06/05,1664,-47.1,10091,-87.8,2507,+63,12514,+563.7,-8.1,1.24
2009/06/12,1643,-20.4,10194,+103.7,2551,+43.5,12778,+264.4,-5.56,1.25
2009/06/19,1528,-115.3,9468,-726.3,2861,+309.5,14982,+2203.3,-9.19,1.58
2009/06/26,1484,-44.5,9035,-432.5,2923,+623.3,15096,+114.1,-8.21,1.67
2009/07/03,1505,+21.8,9188,+152.4,3062,+138.6,15576,+480.2,-9.2,1.7
2009/07/10,1513,+74.7,8972,-215.7,3114,+52.8,15901,+324.6,-14.6,1.77
2009/07/17,1657,+144,9309,+337,3084,-30.2,15398,-502.3,-12.87,1.65
2009/07/24,1555,-101.9,9590,+281.1,2987,-97.2,14474,-924.1,-10.67,1.51
2009/07/31,1491,-63.8,9751,+160.5,2977,-9.8,14131,-342.8,-10.68,1.45
2009/08/07,1475,-16.1,9718,-32.5,2946,-31.2,14102,-29.5,-11.1,1.45
2009/08/14,1478,+3.1,9737,+18.9,2925,-21.1,14179,+76.9,-9,1.46
2009/08/21,1454,-24.4,9271,-466.1,3080,+155.2,15511,+1331.9,-10.18,1.67
2009/08/28,1460,+6.7,9482,+210.3,3098,+17.7,15288,-222.7,-9.54,1.61
2009/09/04,1405,-55.1,9182,-299.1,3219,+121.5,16206,+917.6,-12.96,1.76
2009/09/11,1427,+21.3,9473,+290.3,3268,+48.9,16085,-120.6,-11.96,1.7
2009/09/18,1338,-88.8,8999,-474,3293,+24.6,16236,+151.4,-13.57,1.8
2009/10/02,1281,-57.1,8212,-786.7,3311,+184.3,16344,+107.9,-19.51,1.99
2009/10/09,1378,+97,8699,+487.4,3274,-37.2,16184,-160.1,-14.74,1.86
2009/10/16,1418,+39.9,8696,-3.6,3369,+95.3,16294,+110,-15.48,1.87
2009/10/23,1349,-68.9,8527,-168.2,3438,+68.6,16636,+341.6,-14.47,1.95
2009/10/30,1296,-52.1,8171,-356.3,3443,+5.4,16925,+288.7,-14.33,2.07
2009/11/06,1279,-17,8024,-147.5,3485,+41.2,17171,+246.5,-15.72,2.14
2009/11/13,1194,-85.3,7500,-523.3,3464,-20.6,16902,-269.4,-16.86,2.25
2009/11/20,1268,+74.4,7452,-47.8,3364,-100.4,16398,-503.4,-19.72,2.2
2009/11/27,1252,-16.3,7196,-256.6,3393,+29.7,16470,+71.6,-22.17,2.29
2009/12/04,1394,+142,8269,+1072.7,3220,-173.6,14890,-1579.7,-16.63,1.8
2009/12/11,1365,-29,8610,+341.3,3303,+83,14923,+32.7,-17.56,1.73
2009/12/18,1331,-33.6,8340,-269.8,3273,-29.3,14876,-46.9,-15.56,1.78
2009/12/25,1196,-135.5,7933,-406.5,3188,-85.8,14356,-520.3,-14.36,1.81
2009/12/30,1190,-5.4,7681,-252.7,3170,-17.1,14299,-56.5,-14.24,1.86
2010/01/08,1281,+90.3,8844,+1162.7,3037,-132.9,13513,-786.4,-13.72,1.53
2010/01/15,1264,-16.7,9154,+310.8,3078,+40.5,13522,+8.8,-13.31,1.48
2010/01/22,1217,-46.6,9238,+83.5,3139,+61.3,14808,+1286.3,-16.01,1.6
2010/01/29,1130,-87.6,7998,-1239.4,3225,+86,15781,+973.1,-16.47,1.97
2010/02/05,1072,-57.4,7331,-666.8,3293,+67.7,16272,+490.5,-15.28,2.22
2010/02/12,1084,+11.8,7342,+10.1,3303,+9.8,16269,-2.7,-14.53,2.22
2010/02/19,1114,+29.5,7440,+98.2,3256,-46.8,16126,-142.6,-13.82,2.17
2010/02/26,1141,+27.5,7380,-60,3239,-17.5,16201,+74.3,-12.43,2.2
2010/03/05,1156,+14.8,7653,+273.7,3193,-45.1,15683,-517.9,-10.87,2.05
2010/03/12,1165,+9.1,7825,+172,3186,-7.9,15234,-445.5,-8.72,1.95
2010/03/19,1208,+43.1,7986,+160.3,3193,+7.6,15065,-168.7,-7.62,1.89
2010/03/26,1235,+26.9,8250,+264.1,3094,-99.3,14692,-373.7,-6.89,1.78
2010/04/02,1259,+23.8,8528,+278.3,3038,-56.1,14288,-403.3,-6.23,1.68
2010/04/09,1281,+22,8603,+74.2,3108,+69.8,14910,+621.3,-6.27,1.73
2010/04/16,1321,+39.4,8850,+247.4,3192,+84,15467,+557.3,-5.95,1.75
2010/04/23,1290,-30.1,8473,-377.3,3306,+114.2,16602,+1135.1,-5.9,1.96
2010/04/30,1242,-48.4,8188,-285.2,3394,+87.8,17212,+610.2,-5.05,2.1
2010/05/14,1136,-106.1,7287,-900.9,3648,+254,19122,+1909.6,-8.44,2.62
2010/05/21,1052,-83.5,6569,-717.9,3689,+41.1,19635,+513.1,-12.95,2.99
2010/05/28,1082,+29.4,6480,-88.3,3634,-55.2,19498,-137,-11.08,3.01
2010/06/04,1014,-67.7,6357,-123.8,3685,+51.7,19663,+165.1,-10.31,3.09
2010/06/11,960,-53.3,6247,-110,3750,+64.9,20005,+341.4,-12.96,3.2
2010/06/18,986,+25.9,6481,+234,3762,+11.4,19883,-121.3,-12.16,3.07
2010/06/25,1071,+84.8,6337,-143.1,3829,+67.2,20288,+404.3,-13.62,3.2
2010/07/02,1089,+17.3,6120,-217.3,3767,-62,19836,-452,-17.1,3.24
2010/07/09,1207,+118.3,6287,+167.2,3738,-29.2,19356,-479.7,-13.14,3.08
2010/07/16,1498,+291.4,6617,+330.1,3780,+42,19416,+60.5,-11.24,2.93
2010/07/23,997,-501.6,6317,-300.8,3756,-24,19291,-125.3,-15.67,3.05
2010/07/30,930,-67.1,6372,+55.2,3639,-116.9,18771,-519.8,-15.38,2.95
2010/08/06,929,-0.8,6200,-171.6,3535,-104.1,18310,-461.4,-15.12,2.95
2010/08/13,873,-55.6,5775,-424.7,3597,+62.6,18772,+462.3,-17.12,3.25
2010/08/20,883,+10.3,5892,+116.8,3581,-16.7,18611,-161.5,-17.33,3.16
2010/08/27,873,-10,5861,-31.7,3566,-14.9,18464,-146.5,-18.42,3.15
2010/09/03,951,+78.1,6189,+328.4,3505,+60.6,18018,-446.1,-18.47,2.91
2010/09/10,1011,+60,6509,+320.1,3441,-64,17574,-444.4,-18.1,2.7
2010/09/17,1009,-2.2,6872,+362.4,3331,-110,16588,-985.9,-17.7,2.41
2010/09/24,962,-47.5,6605,-266.6,3337,+6.1,16457,-130.2,-18.63,2.49
2010/10/01,954,-7.4,6648,+43,3338,+1,16135,-322.1,-19.14,2.43
2010/10/08,995,+41.2,7004,+356.2,3149,-189.3,15109,-1025.7,-17.7,2.16
2010/10/15,1019,+23.4,7448,+443.3,3236,+87.4,15423,+314,-19.31,2.07
2010/10/22,980,-38.7,6727,-721,3197,-39.3,15120,-303.1,-17.95,2.25
2010/10/29,929,-51.3,6202,-524.1,3188,-8.8,14924,-196,-15.92,2.41
2010/11/05,966,+37.6,6662,+459,3009,-178.8,13556,-1368.4,-16.47,2.03
2010/11/12,1025,+58.2,7007,+345.7,2925,-84,13258,-298,-14.57,1.89
2010/11/19,1076,+51.5,7365,+358,2842,-83.3,12733,-524.4,-12.73,1.73
2010/11/26,1073,-3,7286,-79.7,2903,+61.5,13094,+360.6,-11.85,1.8
2010/12/03,1115,+42.3,7661,+375,2923,+19.8,13072,-22.3,-10.89,1.71
2010/12/10,1140,+24.5,7951,+290.2,2867,-56.1,13040,-31.7,-10.52,1.64
2010/12/17,1190,+49.8,8013,+61.9,2862,-4.7,13261,+220.8,-7.99,1.65
2010/12/24,1149,-41.2,7802,-210.5,2933,+71.2,13679,+417.8,-8.87,1.75
2010/12/30,1120,-28.1,7595,-207.4,2967,+33.7,13932,+253.5,-8.64,1.83
2011/01/07,1217,+96.2,8273,+677.6,2976,+9,13884,-48.6,-6.36,1.68
2011/01/14,1236,+18.8,8565,+292.5,3131,+154.7,14548,+663.9,-6.74,1.7
2011/01/21,1185,-51,7936,-629.4,3308,+177.5,15659,+1111.2,-8.81,1.97
2011/01/28,1158,-26.4,7926,-9.3,3338,+29,15810,+151.1,-8.25,1.99
2011/02/04,1183,+25,7967,+41.1,3337,-0.9,15774,-35.9,-7.67,1.98
2011/02/10,1135,-48.5,7913,-54.9,3366,+29.5,15896,+122,-7.99,2.01
2011/02/18,1130,-4.4,8113,+200.1,3334,-31.7,15739,-156.7,-7.15,1.94
2011/02/25,1063,-67.4,7393,-719.5,3558,+223.2,17130,+1390.9,-9.52,2.32
2011/03/04,1131,+68.1,7675,+281.5,3651,+92.9,17472,+341.4,-7.33,2.28
2011/03/11,1083,-47.3,7186,-488.3,3842,+191.2,18855,+1383.3,-10.54,2.62
2011/03/18,853,-230.8,5748,-1438.5,2947,-895.2,14010,-4845.4,-17.08,2.44
2011/03/25,973,+120.1,6184,+436.6,3219,+272.5,14937,+927.4,-13.63,2.42
2011/04/01,1018,+45.6,6408,+223.4,3242,+22.4,14621,-316.1,-13.76,2.28
2011/04/08,1086,+67.6,6787,+378.8,3291,+48.9,14716,+95,-15.56,2.17
2011/04/15,1045,-40.7,6484,-302.7,3392,+101.7,15211,+494.7,-15.2,2.35
2011/04/22,1043,-2.5,6656,+171.6,3416,+23.5,15243,+32,-15.48,2.29
2011/04/28,1044,+1.5,6871,+215.1,3397,+18.9,15020,-222.2,-15.61,2.19
2011/05/13,1016,-28.2,6395,-476.3,3473,+75.8,16015,+994.6,-14.84,2.5
2011/05/20,1012,-3.6,6347,-47.4,3547,+74.5,16412,+397,-15.14,2.59
2011/05/27,1027,+14.9,6229,-118.5,3593,+45.2,16502,+89.7,-14.86,2.65
2011/06/03,997,-30.4,6030,-198.4,3646,+53.3,16742,+240.1,-15.06,2.78
2011/06/10,1011,+14.2,6167,+136.6,3649,+3.1,16636,-106.4,-15.44,2.7
2011/06/17,927,-83.8,5709,-457.7,3679,+29.9,16992,+356.4,-15.95,2.98
2011/06/24,1003,+75.6,6109,+399.9,3575,-104.3,16387,-604.6,-13.56,2.68
2011/07/01,1050,+46.6,6565,+455.7,3454,-120.6,15611,-776,-12.82,2.38
2011/07/08,1101,+51.6,7099,+533.8,3366,-87.9,14981,-630.3,-11.71,2.11
2011/07/15,1020,-80.8,6516,-582.9,3417,+50.5,15378,+396.8,-12.85,2.36
2011/07/22,1022,+1.6,6639,+123.5,3410,-6.3,15328,-49.9,-11.71,2.31
2011/07/29,944,-77.8,6079,-560.4,3472,+61.9,15902,+574.3,-14.07,2.62
2011/08/05,873,-71.5,5580,-498.3,3550,+77.3,16406,+504.1,-16.7,2.94
2011/08/12,829,-43.8,5127,-453.6,3570,+20.5,16577,+170.6,-17.79,3.23
2011/08/19,852,+23.3,5184,+57.6,3620,+49.6,16546,-31.3,-19.47,3.19
2011/08/26,871,+18.4,5215,+30.4,3566,-54.1,16204,-341.7,-17.9,3.11
2011/09/02,987,+116.3,5790,+575.5,3591,+24.8,16069,-135.2,-15.58,2.78
2011/09/09,1122,+134.7,6284,+494,3609,+18.5,16030,-38.2,-17.58,2.55
2011/09/16,924,-197.8,5560,-724,3399,-209.9,15321,-709.5,-17.3,2.76
2011/09/22,859,-64.7,5386,-174.4,3408,+8.7,15411,+89.6,-19.96,2.86
2011/09/30,835,-24.6,5211,-174.8,3185,-222.9,14408,-1002.9,-19.35,2.76
2011/10/07,856,+21.6,5327,+115.9,3206,+21.3,14293,-114.6,-21.06,2.68
2011/10/14,878,+21.4,5326,-0.5,3194,-11.9,14141,-151.8,-18.81,2.66
2011/10/21,842,-35.5,5198,-128.3,3226,+31.2,14326,+184.4,-19.85,2.76
2011/10/28,896,+53.7,5733,+534.8,3191,-34.3,13850,-475.2,-17.26,2.42
2011/11/04,827,-69,5407,-325.7,3314,+123,14163,+312.3,-18.59,2.62
2011/11/11,802,-24.5,5136,-271.1,3376,+61.4,14060,-102.9,-20.77,2.74
2011/11/18,832,+29.4,5256,+119.6,3426,+50.1,14294,+234.6,-20.58,2.72
2011/11/25,792,-39.2,4911,-344.4,3426,-0.1,14337,+42.4,-20.97,2.92
2011/12/02,869,+76.6,5158,+247.1,3341,-85.2,13701,-636.1,-16.83,2.66
2011/12/09,910,+40.6,5249,+91.1,3386,+45.9,13909,+208.6,-16,2.65
2011/12/16,901,-9,5305,+55.3,3446,+59.5,14325,+415.3,-17,2.7
2011/12/22,874,-26.6,5135,-169.3,3454,+8.2,14291,-33.3,-17.09,2.78
2011/12/30,861,-12.7,4940,-195,3378,-76.7,13854,-436.8,-16.41,2.8
2012/01/06,923,+61.3,5246,+305.4,3296,-81.1,13499,-355,-16,2.57
2012/01/13,967,+44.3,5503,+256.8,3274,-22.3,13206,-293.8,-14.99,2.4
2012/01/20,1025,+57.9,5699,+196.5,3107,-167.1,12198,-1007,-13.06,2.14
2012/01/27,1039,+14,5829,+129.2,3142,+34.6,11975,-223.7,-12.92,2.05
2012/02/03,1065,+25.9,5972,+143.5,3097,-44.4,11817,-157.2,-12.18,1.98
2012/02/10,1122,+56.9,6204,+231.5,3159,+61.8,11891,+73,-10.82,1.92
2012/02/17,1139,+17.5,6617,+413.1,3162,+2.8,11548,-342,-10.29,1.75
2012/02/24,1238,+98.5,7185,+568.1,3225,+62.7,11875,+326.3,-8.51,1.65
2012/03/02,1228,-10,6990,-194.9,3286,+61.3,12129,+254.4,-10.64,1.74
2012/03/09,1295,+67,7058,+68.1,3324,+38.2,12261,+131.9,-8.46,1.74
2012/03/16,1183,-112.3,6962,-96.4,3398,+73.4,12626,+364.6,-8.72,1.81
2012/03/23,1111,-71.7,6610,-351.2,3536,+138.8,13645,+1019.2,-9.59,2.06
2012/03/30,1023,-88,6085,-525.6,3568,+31.7,13892,+247.2,-9.46,2.28
2012/04/06,1001,-22,5955,-129.5,3701,+132.7,14569,+676.7,-11.68,2.45
2012/04/13,973,-27.8,5782,-173.7,3778,+77.1,14870,+300.7,-11.61,2.57
2012/04/20,929,-43.8,5553,-228,3861,+82.3,15172,+302,-11.78,2.73
2012/04/27,909,-20.5,5410,-143.6,3860,-0.2,15249,+76.6,-12.47,2.82
2012/05/11,813,-95.8,4867,-542.9,3884,+24.1,15524,+275.7,-17.81,3.19
2012/05/18,748,-64.6,4294,-572.9,3785,-98.9,15267,-257,-19.76,3.56
2012/05/25,762,+13.7,4388,+93.9,3858,+72.3,15490,+223.1,-19.86,3.53
2012/06/01,798,+36.1,4566,+177.9,3865,+7.3,15291,-199.5,-21.63,3.35
2012/06/08,857,+58.7,4814,+247.7,3792,-73.4,14983,-308.3,-19.75,3.11
2012/06/15,855,-1.7,4816,+2.3,3770,-21.7,14822,-161,-18.58,3.08
2012/06/22,918,+63.2,5022,+205.7,3798,+27.9,15003,+181.1,-14.81,2.99
2012/06/29,896,-22.4,5102,+80.3,3805,+7.3,15003,+0.5,-13.8,2.94
2012/07/06,986,+90.7,5411,+308.4,3851,+45.3,15020,+16.5,-14.04,2.78
2012/07/13,977,-9,5201,-209.3,3899,+48.3,15267,+247.2,-17.12,2.94
2012/07/20,892,-85.7,5023,-177.7,3945,+46.1,15217,-49.7,-19.57,3.03
2012/07/27,857,-34.6,4789,-234.9,3830,-114.9,14943,-273.9,-19.65,3.12
2012/08/03,860,+3,4611,-177.9,3838,+7.2,14993,+49.6,-19.69,3.25
2012/08/10,903,+43.3,4929,+318.6,3741,-96.1,14390,-603,-18.15,2.92
2012/08/17,974,+70.5,5310,+380.5,3698,-43.3,14098,-292.1,-16.58,2.65
2012/08/24,931,-42.8,5122,-188.1,3683,-15.1,14030,-67.3,-17.7,2.74
2012/08/31,915,-16,4967,-154.4,3698,+14.8,14066,+36,-19.69,2.83
2012/09/07,944,+29.3,4945,-21.8,3682,-16,13980,-86.9,-17.85,2.83
2012/09/14,979,+34.6,5103,+158.1,3519,-162.8,13252,-727.4,-14.62,2.6
2012/09/21,989,+9.7,5163,+59.4,3433,-85.3,13088,-163.6,-14.71,2.53
2012/09/28,903,-85.6,4949,-214.1,3404,-29.2,12963,-125.2,-16.78,2.62
2012/10/05,897,-6.5,4945,-3.9,3321,-83,12733,-230.3,-15.29,2.57
2012/10/12,906,+9.9,4828,-116.5,3385,+64.1,13019,+286.5,-16.82,2.7
2012/10/19,1014,+107.9,5347,+518.9,3180,-205.5,12074,-945.1,-13.68,2.26
2012/10/26,1006,-7.9,5333,-14.3,3261,+81.4,12436,+361.6,-13.39,2.33
2012/11/02,1056,+49.1,5373,+40,3226,-35.4,12273,-162.7,-11.25,2.28
2012/11/09,1015,-40.4,5034,-338.5,3331,+105.3,12847,+573.3,-12.77,2.55
2012/11/16,1063,+47.6,5246,+211.8,3261,-69.9,12522,-324.2,-10.56,2.39
2012/11/22,1111,+47.8,5715,+468.5,3172,-89.4,12051,-471.3,-9.96,2.11
2012/11/30,1115,+4.6,5774,+59,3185,+13.7,12456,+404.7,-9.55,2.16
2012/12/07,1172,+56.8,5950,+176.1,3219,+33.3,12346,+190.4,-7.99,2.07
2012/12/14,1154,-17.7,6008,+58.3,3152,-66.6,12307,-39.3,-6.87,2.05
2012/12/21,1152,-2,6064,+55.7,3198,+46.1,12627,+319.6,-6.1,2.08
2012/12/28,1069,-83.3,5634,-430.3,3357,+158.7,13308,+681.8,-3.12,2.36
2013/01/11,1126,+57.1,5961,+326.9,3729,+372.1,15046,+1737.4,-1.45,2.52
2013/01/18,1175,+48.6,6137,+176.6,3858,+128.6,15713,+667,-1.81,2.56
2013/01/25,1153,-21.7,6090,-46.8,4003,+145.6,16678,+964.7,+5.23,2.74
2013/02/01,1128,-25.4,6101,+10.7,4125,+121.3,17237,+804.6,-1.09,2.83
2013/02/08,1074,-53.8,5961,-140.2,4485,+360,19041,+1804.1,-2.51,3.19
2013/02/15,1025,-48.9,5708,-253,4500,+15.2,19300,+258.9,-6.55,3.38
2013/02/22,1058,+33.5,6032,+323.9,4601,+101.3,19808,+508.4,-4.52,3.28
2013/03/01,1064,+6.1,6092,+59.8,4667,+65.7,20174,+366,-2.44,3.31
2013/03/08,1044,-20.9,6351,+259.5,4713,+45.6,20800,+626,-1.92,3.28
2013/03/15,1016,-27.3,6148,-202.8,4890,+177.5,22191,+1421.5,-0.86,3.61
2013/03/22,960,-55.7,5675,-472.9,5072,+181.4,23952,+1760.1,-1.3,4.22
2013/03/29,931,-29.2,5394,-280.9,5164,+92.2,24179,+227.2,-2.4,4.48
2013/04/05,915,-16.1,5526,+131,4819,-345.3,22663,-1515.7,-2.62,4.1
2013/04/12,964,+48.5,6037,+511.6,4664,-154,23113,+450,+0.98,3.83
2013/04/19,908,-55.4,5521,-516.5,4977,+312.9,26115,+3001.7,+0.61,4.73
2013/04/26,904,-3.9,5796,+275.3,4876,-101.6,26338,+223,+2.4,4.54
2013/05/02,882,-22.4,5666,-130,4914,+38.5,27130,+792.1,+2.27,4.79
2013/05/10,899,+17.3,6385,+718.9,4869,-45.3,27735,+605.4,+4.06,4.34
2013/05/17,854,-45.4,6090,-294.4,4786,-83.3,28681,+945.2,+2.09,4.71
2013/05/24,728,-125.3,5253,-837.4,4975,+189.3,31010,+2329.4,-5.19,5.9
2013/05/31,725,-2.9,5202,-50.5,5151,+175.6,31719,+708.4,-7.44,6.1
2013/06/07,633,-91.9,4427,-775.5,4812,-338.7,29321,-2397.7,-15.65,6.62
2013/06/14,610,-23.2,4242,-184.6,4921,+109.5,30099,+777.7,-13.14,7.1
2013/06/21,629,+18.3,4480,+237.9,4950,+28.8,30380,+281.4,-10.7,6.78
2013/06/28,681,+52.2,4959,+478.6,4721,-229.2,27757,-2622.6,-11.88,5.6
2013/07/05,708,+27.6,5238,+279.5,4746,+25.3,28576,+818.8,-5.18,5.46
2013/07/12,709,+0.1,5349,+110.9,4771,+24.2,29124,+547.4,-5.6,5.44
2013/07/19,728,+37.3,5579,+659.8,4759,+348.5,29241,+4019.3,-5.85,5.24
2013/07/26,716,-12.4,5494,-84.6,4811,+51.4,30257,+1016.5,-8.62,5.51
2013/08/02,671,-45.2,5350,-144,4532,-278.6,29338,-919.9,-8.67,5.48
2013/08/09,637,-33.2,4816,-534.1,4622,+90,30201,+863.6,-11.39,6.53
2013/08/16,649,+11.8,4829,+12.7,4561,-60.6,29992,-209.4,-11.04,6.21
2013/08/23,657,+8.2,4936,+106.7,4557,-4.5,29606,-386,-12.31,6
2013/08/30,659,+1.4,4894,-41.3,4587,+30.1,29615,+9,-14.44,6.05
2013/09/06,725,+66.6,5187,+292.9,4509,-77.6,28874,-740.2,-10.94,5.57
2013/09/13,853,+127.7,5743,+556,4609,+99.8,29199,+324.2,-6.56,5.08
2013/09/20,921,+67.3,6108,+364.7,4625,+15.8,28683,-515.7,-3.26,4.7
2013/09/27,902,-18.4,5958,-149.8,4697,+71.7,28699,+15.8,-3.41,4.82
2013/10/04,834,-67.8,5552,-406.4,4795,+98.4,29873,+1174.5,-8.18,5.38
2013/10/11,857,+22.9,5615,+63.7,4742,-53.1,29346,-527.8,-3.95,5.23
2013/10/18,806,-51,5610,-5.5,4765,+22.6,29352,+6.3,-5.52,5.23
2013/10/25,765,-41.1,5310,-299.2,4908,+142.7,30984,+1632.5,-5.93,5.84
2013/11/01,772,+7.2,5565,+254.1,4880,-27.2,30004,-980,-8.98,5.39
2013/11/08,793,+20.4,5566,+1.6,4840,-40.1,29898,-106.3,-8.58,5.37
2013/11/15,841,+48.1,6423,+856.8,4554,-286,27138,-2759.7,-6.09,4.23
2013/11/22,833,-7.6,6404,-19.1,4533,-21.2,27084,-54.6,-5.77,4.23
2013/11/29,846,+12.7,6548,+143.6,4640,+107.1,28234,+1150.4,-5.01,4.31
2013/12/06,777,-68.6,6078,-469.8,4749,+109.1,30037,+1802.8,-4.47,4.94
2013/12/13,762,-14.9,5971,-107.1,4839,+89.7,31072,+1034.7,-6.32,5.2
2013/12/20,730,-32.1,6028,+57.4,4793,-45.8,30225,-547.1,-6.96,5.01
2013/12/27,717,-13.2,5970,-58.1,4882,+88.4,30663,+438.5,-3.92,5.14
2014/01/10,756,+39,5969,-0.7,4972,+90.9,32433,+1769.9,-2.48,5.43
2014/01/17,771,+14.9,6036,+67.1,4973,+0.8,32615,+182.3,-2.66,5.4
2014/01/24,756,-15.3,6030,-6.5,5149,+175.7,34672,+2056.7,-3.84,5.75
2014/01/31,667,-88.4,5337,-692.6,5180,+30.8,35241,+569.2,-8.41,6.8
2014/02/07,612,-55.3,4776,-561.2,4774,-405.9,32155,-3086.4,-10.68,6.73
2014/02/14,634,+22.6,5112,+336.5,4892,+118.3,32678,+522.6,-11.94,6.39
2014/02/21,748,+113.5,5569,+456.9,4850,-41.9,31797,-880.1,-9.47,5.71
2014/02/28,642,-106,5323,-246,4956,+105.8,32350,+552.8,-10.67,6.08
2014/03/07,646,+4.1,5832,+508.6,4856,-100.1,31156,-1194.4,-9.99,5.34
2014/03/14,578,-67.6,4892,-940.3,5045,+189,33189,+2033.2,-13.12,6.78
2014/03/20,582,+3.8,5042,+150,4981,-63.9,32505,-684.2,-15.39,6.45
2014/03/28,587,+4.6,4872,-169.7,4874,-106.5,31277,-1227.8,-12.18,6.42
2014/04/04,621,+33.6,5436,+563.8,4717,-157.7,29897,-1380.2,-10.72,5.5
2014/04/11,549,-71.6,4690,-745.5,4805,+88.1,31486,+1589,-15.61,6.71
2014/04/18,577,+27.7,4910,+219.8,4719,-86,30321,-1165,-12.83,6.18
2014/04/25,636,+59,5280,+369.9,4715,-3.2,30103,-217.6,-13.43,5.7
2014/05/02,616,-19.4,5354,+73.8,4637,-78.2,29412,-691.3,-13.59,5.51
2014/05/09,606,-10.2,5109,-244.5,4681,+43.7,29848,+436.2,-14.75,5.84
2014/05/16,607,+1,5135,+26.2,4630,-50.8,29664,-183.6,-15.04,5.78
2014/05/23,636,+28.5,5467,+331.8,4511,-119.3,28362,-1301.8,-14.44,5.19
2014/05/30,696,+59.9,6069,+602.1,4524,+13.5,27729,-633.1,-12,4.57
2014/06/06,736,+40.1,6633,+563.2,4425,-99.6,26897,-831.9,-9.76,4.01
2014/06/13,752,+16.6,6645,+12.3,4444,+19.2,27401,+503.3,-7.97,4.12
2014/06/20,753,+1,7242,+597,4437,-6.5,27148,-252.4,-7.48,3.75
2014/06/27,739,-14.2,6499,-742.8,4456,+18.7,27408,+259.8,-8.53,4.22
2014/07/04,785,+45.4,6866,+366.4,4451,-4.7,27009,-399.4,-6.1,3.93
2014/07/11,749,-35.5,6487,-378.3,4513,+62.1,27539,+530.6,-8.42,4.25
2014/07/18,766,+16.9,6648,+160.7,4472,-41.8,26979,-560.8,-8.37,4.06
2014/07/25,767,+1.2,6659,+11.3,4430,-41.2,26475,-503.5,-6.54,3.98
2014/08/01,719,-48,6492,-167.3,4391,-39.6,26732,+256.9,-6.7,4.12
2014/08/08,671,-48,5754,-737.6,4502,+111.2,28265,+1533,-10.66,4.91
2014/08/15,691,+19.5,5896,+141.3,4432,-69.6,27650,-614.7,-7.68,4.69
2014/08/22,735,+44.2,6367,+471.2,4438,+5.9,27237,-413.7,-7.24,4.28
2014/08/29,754,+19.1,6413,+45.8,4504,+65.4,27963,+726.8,-6.71,4.36
2014/09/05,752,-2.3,6494,+81.2,4478,-25.8,27749,-214.5,-7.3,4.27
2014/09/12,768,+16.2,6828,+334.1,4439,-38.4,27206,-542.5,-7.29,3.98
2014/09/19,800,+31.8,7455,+627.1,4454,+15,26880,-326.6,-7.3,3.61
2014/09/26,751,-49,6935,-520.6,4377,-77.4,27245,+365.6,-7.36,3.93
2014/10/03,696,-54.4,6163,-771.9,4486,+108.7,28617,+1371.2,-10.12,4.64
2014/10/10,665,-31.7,5690,-472.7,4581,+94.8,29546,+929.1,-12.59,5.19
2014/10/17,670,+5,5438,-251.6,4608,+27.6,30495,+949.1,-14.93,5.61
2014/10/24,655,-14.2,5394,-44.2,4618,+9.5,30143,-351.4,-10.75,5.59
2014/10/31,738,+83,6462,+1068,4415,-202.4,27623,-2520.6,-8.27,4.27
2014/11/07,757,+18.5,6513,+50.8,4343,-72.6,27292,-331,-7.25,4.19
2014/11/14,768,+11.2,7112,+598.7,4284,-58.9,26618,-673.6,-9.12,3.74
2014/11/21,785,+16.4,6969,-142.7,4342,+58.4,27571,+953.1,-8.22,3.96
2014/11/28,796,+11.7,7103,+133.9,4413,+70.8,28057,+485.3,-7.49,3.95
2014/12/05,826,+29.9,7514,+410.7,4432,+18.5,28632,+574.9,-7.01,3.81
2014/12/12,790,-36.4,6908,-605.5,4502,+70.6,30275,+1643.3,-8.76,4.38
2014/12/19,740,-49.9,6288,-620.1,4508,+6,30144,-130.4,-8.08,4.79
2014/12/30,700,-40.2,6090,-198.2,4429,-79.4,29648,-496.3,-7.64,4.87
2015/01/09,702,+2.3,5945,-144.7,4610,+180.9,31377,+1728.8,-8.46,5.28
2015/01/16,679,-22.9,5647,-297.6,4669,+58.8,32310,+932.5,-9.49,5.72
2015/01/23,714,+34.9,5972,+324.6,4641,-28.1,31246,-1063.6,-8.63,5.23
2015/01/30,724,+9.6,6206,+234,4661,+20.4,31144,-102.2,-8.84,5.02
2015/02/06,722,-1.5,6242,+35.8,4556,-105,30554,-590,-9.04,4.89
2015/02/13,747,+24.6,6741,+499.5,4474,-82.3,29539,-1014.7,-8.53,4.38
2015/02/20,805,+57.9,7451,+709.5,4376,-97.5,28527,-1011.8,-7.41,3.83
2015/02/27,828,+23.5,8000,+549.1,4296,-80.1,28231,-295.8,-7.26,3.53
2015/03/06,815,-13.1,8078,+77.7,4303,+7.1,28691,+459.6,-8.27,3.55
2015/03/13,794,-20.8,7863,-214.7,4325,+22.3,28942,+251.6,-8.24,3.68
2015/03/20,780,-14,7788,-74.8,4369,+43.9,29726,+783.8,-8.37,3.82
2015/03/27,698,-82.3,7171,-617,4384,+15.1,30380,+653.3,-9.99,4.24
2015/04/03,717,+19,7493,+322.4,4347,-37.5,29820,-559.1,-9.76,3.98
2015/04/10,727,+10.2,7913,+419.7,4325,-21.4,29480,-340.3,-8.73,3.73
2015/04/17,769,+41.6,7995,+82.1,4291,-34.7,30116,+635.6,-8.23,3.77
2015/04/24,802,+32.4,8556,+561,4236,-54.8,29380,-736,-7.87,3.43
2015/05/01,703,-98.9,7332,-1224.4,4203,-32.9,29858,+478.2,-9.79,4.07
2015/05/15,781,+78.2,7584,+252.4,4232,+28.8,29927,+69.1,-8.01,3.95
2015/05/22,829,+47.6,8263,+678.8,4156,-76,28878,-1049.5,-6.94,3.49
2015/05/29,879,+50,8683,+420.2,4196,+40.3,28866,-11.1,-6.56,3.32
2015/06/05,872,-6.8,8460,-223.3,4251,+55.1,29907,+1040.2,-6.31,3.54
2015/06/12,827,-44.5,8044,-416.2,4316,+64.4,31127,+1220.3,-6.18,3.87
2015/06/19,801,-25.9,7785,-258.9,4451,+135.6,32247,+1119.6,-7.3,4.14
2015/06/26,824,+22.7,8076,+291,4470,+18.4,31645,-601.9,-6.09,3.92
2015/07/03,824,-0.3,7479,-596.3,4515,+45.4,32397,+752.7,-6.31,4.33
2015/07/10,722,-101.7,6433,-1046.4,4577,+61.2,34440,+2042.1,-9.08,5.35
2015/07/17,813,+91.3,7545,+1111.9,4517,-59.4,32478,-1961.4,-6.35,4.3
2015/07/24,788,-25.1,7133,-412,4601,+83.7,33718,+1239.9,-6.21,4.72
2015/07/31,775,-13,7062,-71,4575,-26.1,33943,+224.9,-6.75,4.81
2015/08/07,772,-2.9,7111,+48.9,4552,-22.3,33472,-471.3,-7.54,4.71
2015/08/14,768,-4,6957,-153.7,4579,+26.2,34028,+555.9,-7.61,4.89
2015/08/21,722,-45.6,6424,-533.2,4532,-47.1,35870,+1842.4,-11.72,5.58
2015/08/28,652,-70.3,5551,-872.3,4118,-413.1,33049,-2821,-10.92,5.95
2015/09/04,656,+4.1,5509,-42.5,4206,+87.9,34046,+996.5,-16.71,6.18
2015/09/11,677,+21,5660,+151.4,4105,-101.7,32949,-1096.3,-13.62,5.82
2015/09/18,676,-1.6,5543,-117.7,4135,+30.2,33004,+54.9,-13.78,5.95
2015/10/02,649,-26.6,5461,-82.1,4008,-126.2,32538,-466.3,-14.72,5.95
2015/10/09,711,+61.7,6043,+582.5,3878,-130.7,31533,-1004.6,-10.96,5.22
2015/10/16,733,+22.7,6099,+55.6,3931,+53.6,31855,+321.5,-11.14,5.22
2015/10/23,755,+21.7,6367,+268.5,3888,-43,30820,-1035,-10.2,4.84
2015/10/30,745,-9.8,6385,+17.8,3899,+10.8,31002,+182.4,-9.82,4.86
2015/11/06,754,+8.1,6615,+229.6,3917,+18,31058,+55.7,-10.7,4.7
2015/11/13,775,+21,6817,+202.7,3959,+41.8,31144,+85.8,-9.87,4.57
2015/11/20,802,+27,7110,+292.9,3849,-109.8,30025,-1118.9,-9.32,4.22
2015/11/27,787,-14.5,7080,-30,3911,+62.1,30698,+672.7,-8.6,4.34
2015/12/04,776,-11.1,6742,-338.1,3977,+65.5,31939,+1241.6,-7.74,4.74
2015/12/11,743,-33.3,6409,-332.7,4096,+119.4,32882,+942.4,-8.58,5.13
2015/12/18,712,-30.9,6274,-135.5,4082,-14.2,32464,-417.6,-10.27,5.17
2015/12/25,726,+14.6,6342,+67.9,4080,-2.1,32005,-458.9,-11.47,5.05
2015/12/30,704,-22.6,6010,-331.5,3907,-173.3,30610,-1395.1,-8.68,5.09
2016/01/08,669,-34.4,5634,-376.7,4019,+112.2,32731,+2120.8,-12.59,5.81
2016/01/15,663,-6.4,5302,-331.2,3948,-71.3,32038,-692.7,-15.52,6.04
2016/01/22,667,+4.5,5150,-152.3,3703,-244.1,29692,-2346.4,-16.63,5.77
2016/01/29,704,+36.9,5576,+425.9,3701,-2.1,29115,-577,-12.81,5.22
2016/02/05,735,+30.5,5591,+15.3,3777,+76,29330,+215.6,-16.5,5.25
2016/02/12,702,-32.7,5125,-466.5,3469,-308.8,26797,-2532.8,-25.76,5.23
2016/02/19,730,+27.5,5322,+197.1,3351,-117.1,25270,-1527.5,-17.91,4.75
2016/02/26,731,+1.7,5414,+92.1,3356,+4.7,24872,-397.6,-16.73,4.59
2016/03/04,785,+53.9,6237,+823.3,3311,-45.2,24497,-375.2,-12.84,3.93
2016/03/11,775,-9.8,5952,-285.1,3452,+140.6,25680,+1183.2,-11.68,4.31
2016/03/18,764,-11.2,5692,-260.4,3580,+128.2,27052,+1371.2,-10.92,4.75
2016/03/25,819,+54.8,6392,+700.3,3638,+57.7,26789,-262.3,-10.92,4.19
2016/04/01,743,-75.7,5564,-828.3,3646,+8.6,27555,+765.7,-13.15,4.95
2016/04/08,778,+35,5786,+222.5,3573,-72.9,26912,-643.5,-14.37,4.65
2016/04/15,848,+69.8,6646,+859.9,3432,-141.4,25815,-1096.6,-10.54,3.79
2016/04/22,907,+59,7346,+699.2,3309,-122.4,24624,-1190.8,-8.02,3.35
2016/04/28,872,-35.2,6708,-637.3,3337,+27.2,24997,+373.3,-11.54,3.73
2016/05/13,837,-34.6,6376,-331.7,3493,+156.5,26046,+1048.6,-10.73,4.09
2016/05/20,857,+20,6676,+300,3405,-88.2,25331,-715.2,-11.51,3.79
2016/05/27,887,+29.5,6970,+293.4,3380,-24.7,24899,-431.9,-11.32,3.57
2016/06/03,854,-32.7,6777,-192.9,3435,+54.9,25426,+527.2,-10.48,3.75
2016/06/10,830,-24.5,6843,+65.8,3477,+41.7,25549,+123.3,-10.33,3.73
2016/06/17,768,-61.6,6107,-735.9,3347,-129.5,24476,-1073.5,-16.49,4.01
2016/06/24,703,-64.7,5489,-617.4,3242,-105.7,23686,-789.6,-18.69,4.32
2016/07/01,682,-21,5947,+457.6,3180,-61.9,22872,-814.1,-15.84,3.85
2016/07/08,670,-11.7,5739,-207.8,3243,+63.1,23217,+345.1,-18.1,4.05
2016/07/15,725,+54.2,6773,+1033.7,2971,-271.6,21485,-1732,-15.31,3.17
2016/07/22,709,-15.8,6708,-64.8,2961,-9.7,22186,+700.6,-14.2,3.31
2016/07/29,711,+2.7,6447,-261.1,2926,-34.9,21550,-635.6,-14.73,3.34
2016/08/05,643,-68.2,6055,-391.6,3030,+103.5,22419,+869.2,-15.59,3.7
2016/08/12,673,+29.9,6572,+516.4,2960,-69.7,21616,-802.9,-14.34,3.29
2016/08/19,706,+32.4,6698,+126.1,2977,+17.1,22317,+700.2,-15.03,3.33
2016/08/26,727,+21.3,7203,+505,3013,+35,22528,+211.4,-15.5,3.13
2016/09/02,768,+41.3,7425,+222.3,2875,-137.4,21509,-1019.2,-13.84,2.9
2016/09/09,767,-0.8,7588,+162.4,2866,-9.2,21714,+205.3,-11.9,2.86
2016/09/16,729,-38.4,7377,-210.7,2932,+65.9,22412,+697.5,-13.57,3.04
2016/09/23,775,+45.6,7576,+198.6,2862,-70.2,21743,-668.8,-11.76,2.87
2016/09/30,666,-108.1,6933,-642.7,2766,-95.9,22073,+329.7,-12.21,3.18
2016/10/07,696,+29.6,7293,+360.3,2715,-50.9,21522,-550.9,-11.68,2.95
2016/10/14,693,-3,7356,+62.9,2763,+47.9,21832,+310.2,-12.1,2.97
2016/10/21,719,+26.3,7775,+418.9,2736,-26.3,21482,-349.7,-10.86,2.76
2016/10/28,784,+64.8,8373,+597.8,2675,-60.8,21181,-300.7,-10.48,2.52
2016/11/04,699,-85.4,7203,-1169.5,2695,-85.4,21949,+767.6,-12.37,3.05
2016/11/11,756,+57.2,7522,+318.2,2501,-194.4,20448,-1500.9,-11.31,2.72
2016/11/18,856,+100.2,8655,+1133.2,2538,+37,20580,+131.5,-8.21,2.38
2016/11/25,902,+45.8,9323,+668.3,2553,+15.1,20400,-179.9,-8.19,2.19
2016/12/02,936,+33.5,9332,+8.8,2531,-22.1,20828,+428.6,-7.26,2.23
2016/12/09,934,-1.8,9766,+433.8,2590,+58.9,21046,+217.4,-7.06,2.16
2016/12/16,927,-7,9898,+132.5,2590,-0.1,21144,+97.7,-7.31,2.14
2016/12/22,909,-17.9,9691,-207.1,2621,+31.4,21226,+82.3,-9.06,2.19
2016/12/30,837,-71.6,8855,-836.6,2628,+6.4,20938,-288,-8.54,2.36
2017/01/06,868,+30.8,9272,+417.2,2633,+5.5,21061,+123.2,-7.36,2.27
2017/01/13,872,+4.3,9181,-90.5,2689,+55.5,21669,+607.6,-7.68,2.36
2017/01/20,868,-4.2,9142,-39.6,2720,+31.6,21954,+285.4,-8.3,2.4
2017/01/27,874,+5.3,9234,+92.6,2714,-6.1,22157,+202.3,-7.21,2.4
2017/02/03,857,-16,8955,-278.9,2832,+118.1,23428,+1270.8,-7.82,2.62
2017/02/10,883,+25.5,9353,+398,2828,-4.2,23351,-72.2,-6.78,2.5
2017/02/17,924,+41.2,9439,+85.2,2860,+31.9,24139,+787.6,-6.08,2.56
2017/02/24,936,+12.1,9410,-28.7,2910,+50.4,24399,+259.9,-5.34,2.59
2017/03/03,959,+22.9,9584,+173.9,2954,+43.9,24651,+252.3,-5.53,2.57
2017/03/10,949,-9.8,9554,-30.1,2982,+27.5,24793,+141.4,-5.19,2.6
2017/03/17,918,-31.3,9583,+28.8,3051,+68.7,25465,+672.1,-6.4,2.68
2017/03/24,931,+12.5,9389,-193.7,3103,+52.7,26147,+682,-6.82,2.78
2017/03/31,850,-80.3,8597,-802,3108,+4.8,26256,+108.9,-7.83,3.05
2017/04/07,840,-10.7,8274,-312.3,3086,-22.3,25864,-392.4,-9.49,3.13
2017/04/14,807,-32.1,8146,-128.2,3023,-63.2,25433,-430.1,-11.69,3.12
2017/04/21,831,+23.4,8437,+291.3,2997,-26,25168,-265,-9.17,2.98
2017/04/28,863,+32.4,8959,+521.9,2917,-80,23948,-1220.3,-8.9,2.67
2017/05/12,902,+38.2,9678,+718.7,2886,-30.4,23261,-687,-8.49,2.4
2017/05/19,876,-26,9527,-150.7,2961,+74.8,23968,+707.2,-9.24,2.52
2017/05/26,895,+18.9,10201,+673.4,3016,+55,24512,+543.4,-9.1,2.4
2017/06/02,883,-31.8,10315,+113.8,2984,-31.8,24138,-373.5,-8.43,2.34
2017/06/09,841,-41.6,9886,-429.1,2989,+4.6,24736,+598,-8.4,2.5
2017/06/16,823,-17.7,9546,-339.3,3021,+32,25297,+560.3,-7.76,2.65
2017/06/23,836,+12.7,10045,+498.6,3060,+38.7,25421,+124.6,-7.38,2.53
2017/06/30,840,+4.1,9578,-467.1,2959,-100.4,25488,+67,-6.88,2.66
2017/07/07,853,+12.6,9541,-36.4,2959,-0.3,25964,+475.5,-7.21,2.72
2017/07/14,849,-3.6,9566,+24.3,3034,+75.7,26097,+133.5,-6.67,2.73
2017/07/21,836,-13.5,9506,-59.8,3082,+47.6,26210,+113,-6.42,2.76
2017/07/28,819,-16.5,9437,-69,3149,+67,26639,+428.6,-7.87,2.82
2017/08/04,816,-3.6,9417,-19.2,3186,+37.2,26368,-270.9,-9.2,2.8
2017/08/10,803,-12.1,9302,-115.4,3168,-18.6,26612,+244.1,-9.94,2.86
2017/08/18,786,-17,9002,-300.5,3168,+0.4,27069,+456.9,-9.05,3
2017/08/25,803,+16.8,9531,+529.9,3163,-4.9,27183,+113.7,-8.95,2.85
2017/09/01,808,+4.5,9374,-157,3193,+29.5,27090,-93.2,-8.38,2.89
2017/09/08,797,-11,9138,-236.3,3133,-59.8,26858,-231.1,-11,2.94
2017/09/15,850,+53.1,10111,+973,3092,-41,25939,-919.8,-9.85,2.57
2017/09/22,926,+76.5,11077,+965.8,3035,-57.2,25829,-109.2,-10,2.33
2017/09/29,703,-223.1,9927,-1149.5,2557,-477.8,25929,+100.1,-8.52,2.61
2017/10/06,721,+17.9,10140,+212.1,2546,-11.3,25813,-116.4,-8.8,2.55
2017/10/13,720,-1.1,10509,+369.3,2564,+18.3,25812,-1.3,-8.69,2.46
2017/10/20,715,-5.1,10670,+161.2,2554,-9.5,25728,-83.1,-9.91,2.41
2017/10/27,737,+22.2,11019,+348.4,2540,-14.5,25948,+219.8,-8.36,2.35
2017/11/02,712,-25.7,10837,-181.4,2574,+34.6,26888,+939.3,-8.02,2.48
2017/11/10,672,-39,10454,-382.8,2609,+34.9,27896,+1008.6,-8.8,2.67
2017/11/17,661,-11.8,10272,-182.6,2638,+28.8,28331,+434.3,-9.95,2.76
2017/11/24,660,-0.6,10498,+226.1,2684,+45.2,29073,+742,-8.41,2.77
2017/12/01,645,-15.3,10154,-343.5,2684,+0.7,29886,+813.3,-7.76,2.94
2017/12/08,636,-8.6,10126,-28.5,2689,+4.3,30173,+286.5,-7.6,2.98
2017/12/15,637,+0.6,9753,-372.8,2718,+29.6,31159,+986.9,-6.95,3.19
2017/12/22,644,+7,9971,+218.1,2686,-32.3,30922,-237.9,-6.11,3.1
2017/12/29,587,-56.5,8921,-1050,2619,-67.2,30212,-709,-5.77,3.39
2018/01/12,630,+42.6,9781,+860.3,2628,+9.6,31013,+800.2,-3.63,3.17
2018/01/19,621,-8.8,9996,+214.1,2711,+82.9,31382,+368.9,-5.1,3.14
2018/01/26,626,+4.7,9941,-54.2,2782,+70.6,32921,+1539.2,-4.22,3.31
2018/02/02,606,-19.5,9363,-578.3,2845,+63.5,34304,+1383,-4.77,3.66
2018/02/09,520,-86.2,7719,-1644,2758,-86.96,34097,-206.6,-10.1,4.41
2018/02/16,536,+16.2,8147,+427.7,2739,-19.7,33555,-542,-9.9,4.12
2018/02/23,585,+49.3,9520,+1373.8,2778,+38.9,34462,+906.6,-7.92,3.62
2018/03/02,530,-55.4,7916,-1604.1,2862,+83.9,36162,+1699.9,-8.86,4.57
2018/03/09,524,-6.4,8512,+595.4,2889,+27.3,35776,-386.4,-9.32,4.2
2018/03/16,531,+7.7,8633,+120.7,2934,+44.6,36024,+248,-8.56,4.17
2018/03/23,549,+18.2,9402,+769.6,2927,-7,36759,+735.1,-11.66,3.91
2018/03/30,486,-63.8,7348,-2053.9,2850,-76.3,35569,-1189.3,-8.78,4.84
2018/04/06,512,+26.8,7604,+255.2,2888,+37.4,35918,+348.3,-9.73,4.72
2018/04/13,527,+14.8,7724,+120.5,2854,-33.8,35503,-415,-9.09,4.6
2018/04/20,532,+4.8,7865,+140.7,2818,-35.7,34575,-928,-9.25,4.4
2018/04/27,514,-18.1,7638,-227,2795,-23.3,33934,-640.7,-8.93,4.44
2018/05/11,509,-4.5,8135,+497.3,2816,+21.7,33630,-303.9,-8.54,4.13
2018/05/18,517,+7.8,8232,+97.1,2760,-56.4,33086,-544.3,-8.15,4.02
2018/05/25,510,-6.7,8242,+9.7,2835,+75.4,34245,+1158.9,-9.58,4.15
2018/06/01,518,+7.2,8062,-180.1,2867,+31.4,34695,+449.9,-9.99,4.3
2018/06/08,522,+4.5,8351,+289.7,2837,-30,33678,-1016.2,-9.67,4.03
2018/06/15,539,+17.1,8530,+178.1,2862,+25.6,33525,-153.1,-9.77,3.93
2018/06/22,538,-1.2,8461,-68.7,2868,+5.7,33494,-30.8,-11.48,3.96
2018/06/29,510,-27.7,7571,-889.5,2820,-48.4,33196,-298.6,-11.57,4.38
2018/07/06,495,-15.1,7310,-261,2720,-100.2,32191,-1005,-13.8,4.4
2018/07/13,497,+1.2,7737,+427,2663,-56.8,30889,-1301.7,-12.3,3.99
2018/07/20,510,+13,7910,+173,2635,-27.2,30677,-212.1,-11.73,3.88
2018/07/27,521,+11.3,7987,+76.4,2563,-72.3,29848,-828.3,-9.9,3.74
2018/08/03,506,-14.6,7726,-260.3,2555,-7.8,30142,+293.4,-10.94,3.9
2018/08/10,523,+16.3,8082,+355,2534,-20.9,30265,+122.9,-11.93,3.74
2018/08/17,513,-9.2,7691,-390.2,2476,-58.2,30118,-147.2,-12.69,3.92
2018/08/24,545,+31.5,8379,+687.2,2475,-1,29729,-389,-10.98,3.55
2018/08/31,537,-8.1,8466,+87.8,2489,+14.1,29328,-400.3,-9.73,3.46
2018/09/07,537,±0,8264,-202.2,2561,+72.2,30748,+1419.6,-11.71,3.72
2018/09/14,567,+30.4,8951,+686.7,2530,-31.6,29594,-1153.4,-10.91,3.3
2018/09/21,635,+67.8,10673,+1722,2424,-105.7,27973,-1621.5,-9.31,2.62
2018/09/28,539,-95.7,9291,-1382.1,2285,-139.2,27815,-158,-8.92,2.99
2018/10/05,538,-1,9015,-275.8,2308,+23.2,28938,+1123,-10.25,3.21
2018/10/12,493,-45.5,7844,-1170.9,2342,+34.4,30595,+1657.3,-10.6,3.9
2018/10/19,487,-6.1,7529,-314.8,2391,+48.3,31700,+1104.6,-10.17,4.21
2018/10/26,480,-6.8,7203,-326.1,2356,-35.2,31460,-240.3,-16.07,4.37
2018/11/02,476,-3.7,7153,-50.3,2270,-85.4,30038,-1421.6,-10.44,4.2
2018/11/09,507,+30.8,7549,+396,2246,-23.8,29905,-132.5,-9.73,3.96
2018/11/16,505,-1.6,7430,-118.1,2292,+45.8,30274,+368.7,-13.14,4.07
2018/11/22,511,+6.1,7531,+100.2,2296,+3.7,29971,-302.8,-12.69,3.98
2018/11/30,526,+14.6,7954,+423.1,2294,-2.3,29105,-866.2,-10.57,3.66
2018/12/07,515,-11.4,7618,-335.6,2377,+83.6,30275,+1169.5,-12.54,3.97
2018/12/14,516,+1,7428,-190.1,2358,-19,29738,-536.6,-13.63,4
2018/12/21,544,+28,7800,+372.2,2235,-122.9,28259,-1479.3,-19.21,3.62
2018/12/28,464,-79.1,6539,-1260.8,1981,-254.1,24780,-3478.6,-18.78,3.79
2019/01/11,511,+46.4,7359,+820.1,1967,-13.6,24605,-174.9,-16.21,3.34
2019/01/18,521,+10,7457,+97.4,1968,+0.3,24521,-84.3,-14.34,3.29
2019/01/25,537,+15.9,7609,+151.6,1976,+8.4,24633,+112.4,-13.33,3.24
2019/02/01,535,-2.3,7732,+123.8,2013,+37,24539,-93.9,-15,3.17
2019/02/08,538,+2.9,7877,+144.4,2040,+27.1,25006,+467.1,-15.95,3.17
2019/02/15,562,+24.4,8525,+647.7,2020,-20,24316,-689.8,-15.13,2.85
2019/02/22,597,+34.6,9275,+750.7,2018,-2.1,23842,-474.6,-13.23,2.57
2019/03/01,569,-27.6,8766,-509,2024,+5.8,23692,-150.1,-13.15,2.7
2019/03/08,599,+29.4,8870,+103.7,2112,+87.9,24616,+924.7,-16.01,2.78
2019/03/15,615,+16.5,9307,+436.6,2072,-40.5,24117,-499.7,-14.05,2.59
2019/03/22,675,+60.2,10636,+1329,2064,-7.3,23907,-209.5,-13,2.25
2019/03/29,584,-91.1,8552,-2083.6,2068,+3.4,23558,-349.2,-13.36,2.75
2019/04/05,617,+32.5,9299,+747,1994,-73.5,21695,-1862.9,-12.96,2.33
2019/04/12,583,-34,9340,+41,2034,+39.7,21842,+147.1,-14.26,2.34
2019/04/19,586,+2.9,9771,+431,1989,-44.8,21190,-652.1,-13.71,2.17
2019/04/26,537,-49,8974,-797.3,1964,-25,20781,-408.9,-13.65,2.32
2019/05/10,532,-5,8439,-535.1,2028,+64.5,22232,+1450.1,-14.75,2.63
2019/05/17,544,+12.8,8529,+90.7,2012,-16.8,21999,-232,-15.39,2.58
2019/05/24,577,+12.9,8630,+100.7,2023,+11,22395,+395.8,-15.88,2.59
2019/05/31,565,+7.8,8479,-151,2052,+29,22849,+453.8,-15.92,2.69
2019/06/07,563,-2.5,8795,+315.4,1982,-69.5,21961,-888.2,-15.67,2.5
2019/06/14,575,+12.6,9099,+304.1,2000,+18,21984,+23.4,-15.01,2.41
2019/06/21,613,+37.3,9693,+594.6,1978,-22.3,21762,-222.5,-15.9,2.24
2019/06/28,600,-12.8,8953,-740.1,1984,+5.8,21663,-98.5,-14.79,2.42
2019/07/05,622,+22.5,9550,+596.9,1957,-26.4,21112,-551.3,-13.47,2.21
2019/07/12,606,-16.6,9514,-36.4,1983,+25.9,21707,+594.8,-,2.28
2019/07/19,604,-2,9288,-226.2,1999,+15.4,21995,+288.6,-14.23,2.37
2019/07/26,610,+6.7,9523,+235.3,2006,+7.5,21950,-45.3,-14.41,2.3
2019/08/02,588,-22,8902,-620.6,2049,+42.1,23144,+1193.7,-14.2,2.6
2019/08/09,593,+4.7,8631,-271.3,2059,+10.4,23624,+479.7,-14.67,2.73
2019/08/16,600,+6.8,8755,+124.2,2066,+6.8,23794,+170.8,-15.44,2.72
2019/08/23,625,+24.8,9370,+615,2049,-17.1,23433,-361.8,-14.83,2.5
2019/08/30,604,-20.9,9001,-369.1,1998,-50.2,22832,-601,-15.93,2.54
2019/09/06,623,+19.1,9594,+593,1974,-24.4,22090,-741.2,-15.15,2.3
2019/09/13,695,+71.6,11048,+1453.9,1880,-94.3,20748,-1342.5,-13.89,1.88
2019/09/20,705,+10.1,11261,+213.3,1857,-22.3,20506,-241.8,-13.74,1.82
2019/09/27,629,-75.9,9962,-1299.3,1869,+12.1,20926,+419.9,-13.48,2.1
2019/10/04,581,-48,9021,-940.7,1897,+27.2,21516,+589.6,-14.05,2.39
2019/10/11,586,+5.7,9114,+92.9,1900,+3,21403,-112.1,-13.63,2.35
2019/10/18,596,+9.2,9548,+433.6,1876,-23.4,20828,-575.2,-12.63,2.18
2019/10/25,610,+14,9878,+330.2,1862,-14.2,20860,+31.5,-11.64,2.11
2019/11/01,594,-15.7,9809,-68.9,1875,+12.9,20718,-141.1,-12.09,2.11
2019/11/08,602,+8.1,9912,+102.7,1868,-6.5,20812,+93,-12.57,2.1
2019/11/15,600,-2.5,9913,+1.4,1883,+14.9,21233,+421.9,-12.41,2.14
2019/11/22,591,-8.1,9783,-130.1,1946,+63.1,21944,+710.3,-12.37,2.24
2019/11/29,603,+11.8,10153,+370.1,1959,+12.8,22169,+225,-12.1,2.18
2019/12/06,606,+3.1,10287,+133.8,1968,+8.9,22561,+392.1,-11.74,2.19
2019/12/13,603,-3,10492,+205.3,1966,-2.2,22208,-352.5,-11.42,2.12
2019/12/20,596,-7,10123,-368.9,1967,+0.9,22736,+527.5,-11.7,2.25
2019/12/27,533,-62.8,8920,-1203.4,1932,-35.2,22236,-500,-11.07,2.49
2020/01/10,538,+4.5,8950,+30,1964,+32,22742,+506.6,-10.86,2.54
2020/01/17,539,+1.4,8921,-28.6,2034,+70,23584,+841.5,-10.6,2.64
2020/01/24,532,-7.8,8817,-104.6,2086,+52,24399,+815.1,-10.7,2.77
2020/01/31,524,-7.9,8706,-110.6,2060,-25.9,24637,+238,-13.19,2.83
2020/02/07,540,+16,9405,+699.2,2035,-25.3,23677,-959.9,-12.55,2.52
2020/02/14,536,-3.8,9218,-187.5,2065,+30.4,23963,+285.7,-13.59,2.6
2020/02/21,545,+8.7,9383,+165,2045,-20.2,23934,-28.8,-15.25,2.55
2020/02/28,477,-67.6,7435,-1947.3,1915,-129.8,23479,-454.6,-21.35,3.16
2020/03/06,503,+26,7485,+49.5,1931,+16.1,23721,+241.8,-20.39,3.17
2020/03/13,556,+52.9,7503,+17.6,1691,-240.3,19681,-4040.4,-31.02,2.62
2020/03/19,617,+60.7,8182,+679,1624,-66.4,18440,-1240.3,-31.37,2.25
2020/03/27,746,+129.3,10825,+2642.9,1582,-42.5,17540,-900.2,-25.07,1.62
2020/04/03,496,-250.4,7269,-3555.2,1665,+83.7,18015,+475.3,-30.51,2.48
2020/04/10,523,+27.1,7971,+701.3,1688,+22.2,17947,-68.2,-25.49,2.25
2020/04/17,520,-2.5,8321,+349.8,1788,+99.9,18526,+578.6,-24.33,2.23
2020/04/24,515,-5,7919,-401.8,1847,+59.8,19212,+686,-24.7,2.43
2020/05/01,508,-7.6,7762,-156.7,1849,+1.2,19200,-11.5,-22.49,2.47
2020/05/15,522,+14.2,8026,+264.2,1940,+91,20231,+1031,-20.1,2.52
2020/05/22,530,+8.5,8320,+293.5,1995,+54.9,20442,+210.9,-17.7,2.46
2020/05/29,548,+18.1,8774,+453.7,2006,+10.8,20136,-305.8,-15.51,2.29
2020/06/05,587,+38.7,9413,+639.6,2002,-3.5,20040,-95.9,-14.65,2.13
2020/06/12,547,-39.9,8992,-420.9,2136,+134.4,21080,+1039.3,-16.33,2.34
2020/06/19,548,+0.8,9136,+143.6,2159,+22.9,21482,+402.3,-14.87,2.35
2020/06/26,600,+51.8,10267,+1131.1,2247,+87.2,22154,+672.2,-16.35,2.16
2020/07/03,558,-42.1,9164,-1103.2,2209,-37.7,21949,-205.5,-18.01,2.4
2020/07/10,545,-12.6,8833,-330.6,2272,+62.8,22746,+797.3,-18.71,2.58
2020/07/17,570,+25.1,8927,+93.7,2164,-108,22246,-500.5,-18.14,2.49
2020/07/22,556,-14,8799,-128,2145,-19.2,21988,-257.7,-17.33,2.5
2020/07/31,545,-11.4,8532,-266.8,2189,+44.4,22716,+727.9,-20.6,2.66
2020/08/07,568,+22.9,8871,+339.3,2135,-53.8,22547,-168.4,-17.86,2.54
2020/08/14,612,+44,9503,+631.8,2058,-77.3,21249,-1298.4,-15.58,2.24
2020/08/21,603,-8.5,9388,-115.2,2098,+40.6,22293,+1044.2,-14.68,2.37
2020/08/28,570,-33.2,9007,-381.3,2062,-36.6,22823,+530.3,-15.85,2.53
2020/09/04,572,+2.1,9211,+204.1,2099,+37.1,23521,+697.9,-13.79,2.55
2020/09/11,597,+24.5,9905,+694.3,2125,+25.6,23864,+342.2,-13.36,2.41
2020/09/18,628,+30.7,10120,+214.6,2114,-10.8,23826,-37.8,-11.21,2.35
2020/09/25,602,-25.9,10412,+292.4,2154,+40.5,24412,+586.3,-11.89,2.34
2020/10/02,465,-136.6,7958,-2454.8,2165,+10.7,24815,+403.3,-12.8,3.12
2020/10/09,471,+5.8,8283,+325.4,2139,-26.3,24626,-189.8,-10.07,2.97
2020/10/16,465,-5.9,8283,-0.3,2183,+43.9,25565,+939.3,-12.42,3.09
2020/10/23,472,+7.3,8417,+134.7,2173,-9.5,25587,+21.6,-12.62,3.04
2020/10/30,445,-27.3,7491,-926.4,2228,+54.6,25641,+54.1,-15.4,3.42
2020/11/06,456,+10.9,7973,+481.6,2172,-55.6,24318,-1322.4,-12.42,3.05
2020/11/13,471,+15.3,8565,+592.5,2127,-45,24346,+27.7,-12.4,2.84
2020/11/20,484,+12.7,8524,-41.5,2098,-28.8,24288,-57.9,-12.85,2.85
2020/11/27,487,+3,9051,+527.5,2080,-18.5,23879,-408.6,-12.35,2.64
2020/12/04,488,+1,9042,-8.9,2135,+55.6,25028,+1148.9,-12.37,2.77
2020/12/11,494,+5.9,8979,-63.1,2148,+12.3,24946,-82.6,-13.16,2.78
2020/12/18,490,-3.6,9103,+123.6,2144,-4.1,25032,+86.3,-12.98,2.75
2020/12/25,487,-3.6,9091,-11.9,2122,-21.3,24951,-81.3,-13.76,2.74
2020/12/30,414,-72.8,7976,-1114.7,2093,-29,24051,-899.1,-12.4,3.02
2021/01/08,457,+43.4,8593,+617.3,2071,-22.4,24124,+72.2,-11.12,2.81
2021/01/15,457,-0.3,8456,-137.5,2080,+9.1,25162,+1038.3,-11.93,2.98
2021/01/22,460,+3.1,8371,-84.5,2125,+44.9,26105,+942.7,-10.05,3.12
2021/01/29,435,-25.3,7736,-635.2,2162,+36.7,27695,+1590.5,-11.61,3.58
2021/02/05,474,+39.5,8404,+667.8,2145,-17.1,27381,-313.9,-8.33,3.26
2021/02/12,485,+10.8,8879,+474.9,2186,+41.5,27264,-117.7,-8.01,3.07
2021/02/19,493,+7.4,9106,+227.2,2247,+61.3,28183,+919.5,-9.69,3.09
2021/02/26,441,-51.8,7734,-1371.8,2272,+24.8,29743,+1559.5,-10,3.85
2021/03/05,471,+30.2,8088,+354.2,2259,-13.3,29841,+98.5,-10.21,3.69
2021/03/12,499,+28.1,8367,+278.2,2275,+16,29599,-242.3,-8.1,3.54
2021/03/19,534,+34.3,8967,+600.5,2292,+17.1,30440,+840.7,-6,3.39
2021/03/26,579,+45.6,9781,+814.1,2286,-5.6,30796,+356.2,-7.41,3.15
2021/04/02,410,-168.9,7629,-2152.5,2360,+73.2,30726,-70.3,-7.59,4.03
2021/04/09,392,-18.7,7235,-394.3,2395,+35.5,31672,+946,-7.67,4.38
2021/04/16,391,-0.4,7329,+94.4,2373,-22.6,31976,+304.3,-7.59,4.36
2021/04/23,378,-12.8,7072,-257.4,2394,+21.1,33005,+1029.3,-8.71,4.67
2021/04/30,369,-9,6742,-329.3,2364,-29.8,32941,-64.6,-8.75,4.89
2021/05/14,371,+2.2,6422,-320.5,2323,-40.6,33360,+419.8,-9.8,5.19
2021/05/21,388,+16.1,6830,+408.4,2331,+7.3,32874,-486.7,-8.94,4.81
2021/05/28,423,+35,7582,+751.8,2330,-0.7,32076,-797.5,-8.82,4.23
2021/06/04,449,+26.3,7886,+304.4,2362,+31.8,33054,+977.4,-8.33,4.19
2021/06/11,444,-5.1,7862,-23.8,2399,+37.6,33759,+705,-7.9,4.29
2021/06/18,416,-27.9,7707,-155.2,2448,+48.5,34120,+361.1,-8.76,4.43
2021/06/25,429,+13.2,8049,+341.3,2413,-34.7,33643,-476.9,-8.19,4.18
2021/07/02,400,-29.4,7174,-874.4,2442,+28.4,34385,+742.5,-8.11,4.79
2021/07/09,386,-13.9,6727,-447.1,2483,+41.1,36041,+1655.3,-8.48,5.36
2021/07/16,389,+2.8,6774,+47.4,2443,-39.7,35320,-721,-8.15,5.21
2021/07/21,381,-7.9,6585,-189,2461,+18.3,35614,+293.9,-9.65,5.41
2021/07/30,379,-1.8,6548,-37.1,2443,-18.7,35519,-95.1,-10,5.42
2021/08/06,376,-2.4,6829,+280.9,2403,-39.9,34381,-1138,-11.01,5.03
2021/08/13,398,+21.5,7248,+418.8,2372,-30.3,34115,-265.4,-10.24,4.71
2021/08/20,389,-8.8,6922,-325.6,2376,+3.4,34572,+456.8,-12.88,4.99
2021/08/27,443,+53.6,8432,+1509.8,2368,-7.3,33685,-886.5,-10.79,3.99
2021/09/03,402,-40.4,7965,-467.1,2382,+13.6,32766,-919.1,-9.23,4.11
2021/09/10,423,+20.3,8590,+625,2388,+5.7,32596,-169.9,-7.47,3.79
2021/09/17,461,+38.2,9207,+616.9,2379,-9.1,33034,+437.3,-8.06,3.59
2021/09/24,484,+23.3,9277,+69.5,2309,-69.9,32998,-35.1,-7.7,3.56
2021/10/01,391,-92.9,7029,-2248.1,2331,+22.2,35365,+2366.7,-9.4,5.03
2021/10/08,421,+30.2,7033,+4.9,2297,-33.7,35140,-225,-9.8,5
2021/10/15,432,+10.9,7163,+129.4,2312,+15.3,34826,-314.2,-7.66,4.86
2021/10/22,464,+31.8,7722,+559.4,2382,+69.3,35546,+719.9,-7.3,4.6
2021/10/29,402,-61.9,6682,-1040.7,2416,+34.1,35961,+415.2,-7.68,5.38
2021/11/05,405,+2.9,7123,+441.8,2392,-24.1,35063,-898.1,-7.87,4.92
2021/11/12,416,+10.9,7356,+232.2,2396,+4,34724,-338.5,-7.89,4.72
2021/11/19,408,-7.7,7473,+117.2,2455,+58.6,35793,+1068.8,-8.2,4.79
2021/11/26,425,+16.6,7839,+366,2470,+15.5,37401,+1608.2,-9.66,4.77
2021/12/03,400,-25.2,6955,-884.3,2419,-50.6,36488,-913.8,-10.83,5.25
2021/12/10,427,+27.2,7795,+840.8,2423,+3.2,35879,-608.2,-10.87,4.6
2021/12/17,415,-12.4,7492,-303.3,2406,-17.1,35169,-710.6,-11.21,4.69
2021/12/24,426,+10.9,7989,+496.8,2405,-0.6,34344,-824.7,-10.86,4.3
2021/12/30,353,-72.5,6473,-1515.7,2353,-52,33576,-767.7,-10.02,5.19
2022/01/07,380,+26.6,6789,+315.4,2313,-39.4,33647,+70.5,-11.3,4.96
2022/01/14,394,+14,6854,+65.2,2321,+7.3,34398,+751.2,-10.61,5.02
2022/01/21,395,+1.7,6497,-356.4,2299,-21.9,34173,-225,-12.93,5.26
2022/01/28,396,+0.7,6634,+136.6,2227,-71.6,33436,-737.4,-15.75,5.04
2022/02/04,416,+20,7005,+370.4,2211,-16.4,33198,-237.8,-12.18,4.74
2022/02/10,449,+33.1,7563,+558.3,2203,-7.4,32874,-323.4,-10.9,4.35
2022/02/18,470,+20.5,7899,+336.3,2185,-17.8,32658,-216.6,-12.93,4.13
2022/02/25,416,-54.3,6935,-963.9,2166,-19.6,32379,-278.5,-14.32,4.67
2022/03/04,440,+24.4,6834,-100.7,2220,+53.8,33522,+1142.8,-13,4.91
2022/03/11,477,+37.2,7401,+567,2148,-71.3,32067,-1454.9,-15.66,4.33
2022/03/18,522,+45,8532,+1130.4,2103,-45.2,30400,-1667.4,-12.27,3.56
2022/03/25,576,+53.5,9758,+1226.4,2077,-25.5,29503,-896.5,-11.36,3.02
2022/04/01,402,-173.8,7198,-2560.5,2075,-2.5,29569,+66.1,-11.94,4.11
2022/04/08,385,-17.5,6619,-578.6,2142,+67.1,30740,+1170.5,-12.7,4.64
2022/04/15,406,+21.4,6687,+67.4,2136,-5.5,30609,-131.1,-12.49,4.58
2022/04/22,417,+10.9,6795,+108.3,2168,+31.8,30970,+361.1,-12.81,4.56
2022/04/28,401,-15.5,6459,-336.2,2149,-19.1,30760,-209.2,-12.87,4.76
2022/05/13,407,+5.7,6451,-7.4,2148,-1.4,30963,+202.5,-13.19,4.8
2022/05/20,422,+15.1,6946,+494.8,2192,+44.4,30813,-150.2,-12.16,4.44
2022/05/27,454,+31.2,7744,+798.1,2205,+12.7,30589,-223.8,-12.4,3.95
2022/06/03,458,+4,7938,+193.6,2242,+36.7,30318,-271.2,-11.08,3.82
2022/06/10,462,+4.1,7930,-7.8,2243,+1.3,30713,+395.4,-10.56,3.87
2022/06/17,435,-27.1,6979,-951.2,2227,-16,32327,+1613.7,-13.2,4.63
2022/06/24,457,+21.8,7725,+746.2,2169,-57.8,31308,-1019.2,-12.23,4.05
2022/07/01,435,-21.1,6810,-915.5,2198,+28.6,31861,+553.2,-13.13,4.68
2022/07/08,443,+7.7,7124,+314.1,2182,-16.2,30265,-1595.8,-12.16,4.25
2022/07/15,442,-1,7364,+240.7,2224,+42.7,30264,-1.3,-12.36,4.11
2022/07/22,467,+25.2,8138,+773.4,2214,-10.7,28740,-1523.6,-11.03,3.53
2022/07/29,451,-16.1,8080,-58.2,2234,+20,28928,+187.9,-11.17,3.58
2022/08/05,444,-7,8264,+184.1,2288,+54.2,28934,+6,-10.56,3.5
2022/08/12,477,+32.4,8851,+587.1,2264,-24.5,28428,-505.5,-10.48,3.21
2022/08/19,501,+24.7,9366,+515.4,2287,+23.1,28831,+402.7,-10.55,3.08
2022/08/26,520,+18.5,9323,-43.7,2287,-0.2,29622,+791.1,-9.8,3.18
2022/09/02,460,-59.5,7965,-1358,2319,+32.5,31767,+2144.4,-10.79,3.99
2022/09/09,484,+23.3,8470,+505.6,2321,+2,30895,-871.5,-9.42,3.65
2022/09/16,497,+13.2,8561,+90.5,2342,+20.8,32052,+1156.1,-10.56,3.74
2022/09/22,507,+10.4,8566,+5.6,2286,-55.8,31934,-117.6,-10.76,3.73
2022/09/30,403,-104.6,6401,-2165.2,2309,+22.7,32432,+498.1,-13.07,5.07
2022/10/07,413,+10.4,6968,+566.5,2274,-34.3,30137,-2295.2,-12.09,4.33
2022/10/14,420,+6.3,7070,+102.5,2272,-2.2,30347,+210.7,-12.21,4.29
2022/10/21,426,+6.7,7025,-45.4,2310,+37.9,31478,+1130.7,-11.04,4.48
2022/10/28,411,-15,6875,-149.4,2335,+25.1,31160,-318.6,-10.7,4.53
2022/11/04,415,+4,7044,+169.1,2361,+25.4,31419,+259.1,-10.62,4.46
2022/11/11,425,+9.9,8043,+999,2335,-25.7,29417,-2001.6,-10.18,3.66
2022/11/18,424,-1.1,7922,-121.5,2353,+18.5,30658,+1241.1,-10.67,3.87
2022/11/25,451,+26.9,8533,+611.5,2344,-9.3,30091,-566.8,-9.59,3.53
2022/12/02,426,-25.5,7905,-628,2429,+84.9,32247,+2155.4,-10.06,4.08
2022/12/09,431,+5.2,8337,+431.3,2466,+36.7,31889,-358.2,-9.51,3.82
2022/12/16,448,+16.7,8179,-158.1,2499,+33.5,33354,+1465.7,-10.4,4.08
2022/12/23,464,+16.8,7989,-189.9,2469,-30.2,33999,+644.7,-12.47,4.26
2022/12/30,383,-81.3,6313,-1675.8,2432,-37.2,33423,-575.8,-11.12,5.29
2023/01/06,382,-0.8,6400,+86.8,2463,+31,33930,+506.5,-11.68,5.3
2023/01/13,403,+21.1,6898,+498.3,2459,-3.6,33632,-298.2,-10.49,4.88
2023/01/20,398,-4.9,6973,+74.6,2460,+1.2,32990,-641.2,-10.02,4.73
2023/01/27,448,+49.6,8211,+1238.8,2448,-12.3,31744,-1246.5,-10.16,3.87
2023/02/03,441,-6.6,8298,+86.2,2501,+53,32011,+267.6,-10.54,3.86
2023/02/10,456,+15.1,8645,+347.5,2516,+15,32153,+141.9,-10.32,3.72
2023/02/17,482,+25.1,9030,+384.7,2497,-19.4,32236,+82.9,-9.89,3.57
2023/02/24,564,+82.5,10651,+1620.8,2533,+36.7,32838,+601.9,-10.09,3.08
2023/03/03,478,-86.6,8909,-1742.3,2559,+25.4,32448,-389.9,-9.21,3.64
2023/03/10,517,+39.2,9606,+697.3,2599,+39.7,32452,+3.8,-9.24,3.38
2023/03/17,474,-42.8,8583,-1022.5,2591,-7.1,33498,+1045.5,-10.91,3.9
2023/03/24,530,+56.4,9628,+1044.2,2619,+27.4,33922,+423.9,-10.46,3.52
2023/03/31,379,-151.5,7485,-2142.9,2591,-28,32504,-1418,-10.03,4.34
2023/04/07,357,-22.1,6809,-675.2,2655,+64,33941,+1436.8,-10.39,4.98
2023/04/14,383,+26.1,7677,+867.5,2686,+30.9,33285,-655.9,-8.59,4.34
2023/04/21,388,+4.7,8037,+360.3,2693,+6.7,33284,-0.8,-9.27,4.14
2023/04/28,373,-14.6,7659,-378.2,2673,-19.6,33119,-164.8,-9.29,4.32
2023/05/12,393,+20.5,8443,+784.3,2704,+31,32473,-646.1,-9.46,3.85
2023/05/19,465,+71.5,9720,+1276.3,2675,-29.5,31363,-1109.3,-8.89,3.23
2023/05/26,472,+6.6,9811,+91.4,2698,+23.7,31883,+519.5,-10.57,3.25
2023/06/02,407,-64.6,9071,-739.9,2698,-0.2,32157,+274.1,-9.47,3.55
2023/06/09,424,+16.9,9587,+515.4,2688,-9.6,32214,+56.5,-9,3.36
2023/06/16,435,+11.3,10185,+598.3,2696,+7.7,32476,+262.8,-7.34,3.19
2023/06/23,442,+6.6,10003,-181.7,2742,+45.7,34688,+2212,-8.65,3.47
2023/06/30,413,-28.8,9063,-939.9,2896,+153.7,34675,-13.4,-8.24,3.83
2023/07/07,407,-5.7,8741,-322.3,2933,+37.5,36277,+1602.3,-9.71,4.15
2023/07/14,391,-16.1,8646,-94.4,2958,+24.8,36411,+134.1,-10.19,4.21
2023/07/21,397,+5.8,8530,-116.3,2935,-23.3,36703,+291.9,-10.13,4.3
2023/07/28,409,+11.8,8725,+195.2,2908,-27.1,36238,-465.4,-9.07,4.15
2023/08/04,399,-9.9,8316,-409.4,2958,+50.4,37957,+1719.4,-8.88,4.56
2023/08/10,411,+12.3,8640,+324.1,2875,-82.8,36742,-1214.8,-9.35,4.25
2023/08/18,403,-8.5,8244,-395.9,2822,-53.5,36642,-100.3,-11.73,4.44
2023/08/25,429,+26.2,8614,+370.2,2773,-48.8,36738,+96.1,-9.74,4.26
2023/09/01,417,-12.3,8918,+303.2,2714,-58.3,34559,-2179.1,-8.8,3.88
2023/09/08,440,+23.3,9242,+324.9,2756,+41.8,36030,+1471.2,-9.37,3.9
2023/09/15,482,+41.6,9887,+644.8,2740,-16.1,35699,-331.3,-8.19,3.61
2023/09/22,492,+9.8,9620,-267.4,2753,+13,37562,+1862.8,-8.93,3.9
2023/09/29,369,-122.9,7280,-2339.3,2813,+59.8,38722,+1160.1,-8.84,5.32
2023/10/06,352,-16.7,6684,-596.1,2809,-3.8,39372,+650.1,-10.1,5.89
2023/10/13,356,+4.2,7529,+845,2855,+46,38814,-558.2,-9.96,5.16
2023/10/20,361,+5,7290,-239.4,2854,-1.2,39886,+1071.9,-10.81,5.47
2023/10/27,378,+16.4,7489,+199,2805,-49.3,40085,+199.5,-10.45,5.35
2023/11/02,351,-27.1,7113,-375.4,2794,-10.3,38869,-1216.2,-9.31,5.46
2023/11/10,354,+3.6,7693,+579.6,2861,+66.1,38749,-120.3,-9.53,5.04
2023/11/17,366,+11.5,8517,+824.3,2819,-41.3,37561,-1187.3,-9.05,4.41
2023/11/24,386,+19.9,9134,+616.6,2823,+3.4,38057,+496.1,-8.76,4.17
2023/12/01,379,-6.3,8861,-273.1,2838,+15.2,38451,+394,-8.78,4.34
2023/12/08,391,+11.1,8229,-631.7,2838,+0.3,39839,+1387.8,-9.71,4.84
2023/12/15,425,+34.6,9181,+951.6,2790,-48.3,37948,-1891.1,-10.61,4.13
2023/12/22,395,-29.8,8956,-224.2,2792,+2.4,37388,-559.9,-9.68,4.17
2023/12/29,322,-73.8,7031,-1925.7,2744,-47.9,36180,-1208,-8.2,5.15
2024/01/12,367,+45.6,8736,+1705.6,2716,-27.9,34542,-1638.5,-7.86,3.95
2024/01/19,376,+8.7,9158,+421.2,2760,+43.9,35220,+678.1,-8.24,3.85
2024/01/26,379,+3,8808,-349.2,2801,+40.2,37120,+1900.3,-7.6,4.21
2024/02/02,381,+2.1,8858,+49.5,2858,+57.5,38184,+1063.7,-6.92,4.31
2024/02/09,394,+13.2,9401,+542.5,2982,+123.4,39500,+1315.9,-6.91,4.2
2024/02/16,427,+32.3,10215,+813.9,2916,-66,39391,-108.6,-5.57,3.86
2024/02/22,446,+19.3,10614,+399.7,2955,+39.8,40050,+658.7,-4.77,3.77
2024/03/01,395,-50.7,9484,-1130.5,2990,+34.2,40999,+948.9,-3.6,4.32
2024/03/08,410,+14.7,9479,-5,3069,+79.5,43380,+2381.6,-4.33,4.58
2024/03/15,429,+18.6,9195,-283.2,3082,+13.2,44286,+905.3,-6.09,4.82
2024/03/22,486,+57.2,10926,+1730.4,3059,-22.9,42183,-2102.8,-2.55,3.86
2024/03/29,368,-118.3,8382,-2543.9,3145,+85.6,43043,+859.8,-3.54,5.14
2024/04/05,355,-12.7,7590,-791.8,3210,+64.4,45733,+2690.3,-6.16,6.03
2024/04/12,376,+21,7762,+171.4,3287,+77.5,45953,+219.8,-4.36,5.92
2024/04/19,340,-35.6,6671,-1091,3295,+8.1,48645,+2691.8,-7.64,7.29
2024/04/26,358,+18.2,6695,+24.8,3283,-12.3,47332,-1312.9,-6.12,7.07
2024/05/02,337,-21.7,6923,+227.2,3247,-35.5,46836,-495.8,-6.43,6.77
2024/05/10,359,+22.4,7294,+371.8,3262,+14.8,46979,+142.8,-5.81,6.44
2024/05/17,350,-8.8,7565,+270.6,3292,+30,46837,-141.6,-6.44,6.19
2024/05/24,375,+24.4,7779,+214.3,3352,+59.8,47400,+562.6,-7.17,6.09
2024/05/31,391,+16.5,7757,-22.5,3318,-33.7,47089,-311.1,-6.56,6.07
2024/06/07,370,-21.2,7398,-359.2,3381,+62.9,48260,+1171.8,-6.79,6.52
2024/06/14,383,+12.6,7608,+210.2,3414,+33,48697,+436.5,-6.07,6.4
2024/06/21,376,-6.5,7617,+9.4,3408,-6.4,49117,+420.1,-6.79,6.45
2024/06/28,373,-2.6,7248,-369.5,3405,-2.3,47533,-1584.2,-5.12,6.56
2024/07/05,400,+26.7,8015,+767.5,3422,+16.4,47170,-363.2,-4.63,5.89
2024/07/12,390,-10.5,7831,-184.7,3383,-38.6,47882,+712.4,-4.62,6.11
2024/07/19,415,+25.3,7605,-225.3,3405,+22.1,49254,+1371.9,-5.54,6.48
2024/07/26,368,-47.3,6844,-760.7,3388,-17.5,49808,+554.3,-9.36,7.28
2024/08/02,320,-47.8,5586,-1258,3344,-44.3,48720,-1088,-13.69,8.72
2024/08/09,306,-13.6,5297,-289.1,2823,-520.1,39634,-9086,-14.16,7.48
2024/08/16,353,+46.6,6535,+1237.7,2783,-40.3,38535,-1099,-8.38,5.9
2024/08/23,370,+17.3,6862,+326.6,2816,+33.3,39475,+939.2,-8.47,5.75
2024/08/30,343,-27.2,6268,-594.1,2858,+41.4,39851,+376.7,-7.21,6.36
2024/09/06,345,+2.1,6078,-189.4,2889,+31.1,41046,+1194.5,-11.19,6.75
2024/09/13,357,+12.5,6276,+198,2922,+33.1,40859,-186.9,-11.35,6.51
2024/09/20,404,+46.7,7271,+995,2889,-33.3,39831,-1027.8,-9.37,5.48
2024/09/27,334,-70.4,6330,-940.8,2949,+59.8,38110,-1721.4,-7.71,6.02
2024/10/04,299,-34.3,5716,-614,2969,+19.7,39328,+1218.7,-8.65,6.88
2024/10/11,312,+12.2,6263,+546.4,3056,+87.4,39625,+296.2,-9.02,6.33
2024/10/18,320,+7.9,6177,-85.4,3053,-3.3,40650,+1024.9,-9.05,6.58
2024/10/25,303,-16.1,5926,-250.8,3073,+20.7,40960,+310.6,-11.48,6.91
2024/11/01,296,-7.2,5263,-663.2,3060,-12.9,41493,+532.5,-9.72,7.88
2024/11/08,331,+34.4,5984,+720.5,3032,-28.7,39838,-1654.6,-8.43,6.66
2024/11/15,343,+12.8,6258,+274.3,3026,-5.2,40857,+1019.2,-9.57,6.53
2024/11/22,358,+14.8,6489,+230.2,3071,+44.4,42395,+1537.1,-8.66,6.53
2024/11/29,394,+35.8,7280,+791,3164,+92.7,43509,+1114,-8.73,5.98
2024/12/06,363,-31.6,7045,-234.6,3124,-39.1,42423,-1085.1,-8.73,6.02
2024/12/13,413,+50.3,8146,+1100.7,3069,-55.1,42059,-364.1,-8.43,5.16
2024/12/20,394,-18.9,7501,-645,3086,+16.9,42891,+831.7,-8.86,5.72
2024/12/27,340,-53.6,6792,-708.2,2982,-104,39663,-3227.8,-6.82,5.84
2025/01/10,329,-11,6399,-393.5,3103,+120.7,42279,+2616.2,-7.48,6.61
2025/01/17,324,-4.8,6041,-357.6,3138,+34.8,43305,+1026.1,-8.1,7.17
2025/01/24,360,+36.1,7244,+1202.5,3080,-57.7,41279,-2026.3,-7.14,5.7
2025/01/31,368,+7.7,7048,-196,3079,-1.4,42453,+1174.2,-5.51,6.02
2025/02/07,386,+17.9,7146,+98.1,3185,+106.2,44310,+1856.5,-5.77,6.2
2025/02/14,409,+23.1,7898,+752.1,3201,+16.2,44606,+296.1,-5.28,5.65
2025/02/21,426,+16.8,8483,+585.3,3240,+39.3,45372,+765.7,-6.2,5.35
2025/02/28,350,-75.9,6307,-2175.8,3267,+26.4,47109,+1737,-7.69,7.47
2025/03/07,391,+40.9,7245,+938,3205,-61.6,45656,-1452.7,-8.1,6.3
2025/03/14,463,+72.1,8306,+1060,3186,-19.1,45056,-599.9,-7.23,5.42
2025/03/21,461,-2.1,8464,+158,3180,-6,44724,-332,-5.64,5.28
2025/03/28,312,-148.8,5768,-2695.5,3262,+82,45791,+1066.5,-6.57,7.94
2025/04/04,253,-59.5,4641,-1126.8,3186,-76,44696,-1094.6,-15.31,9.63
2025/04/11,258,+5.3,4593,-48.1,2847,-339.4,39508,-5188.3,-13.32,8.6
2025/04/18,326,+67.9,5965,+1372.2,2850,+3.7,39537,+29.5,-11.53,6.63
2025/04/25,326,-0.4,6461,+495.5,2867,+17,38853,-684.4,-10.87,6.01
2025/05/02,329,+3.2,6461,±0,2851,-16.1,38721,-131.4,-10.28,5.99
2025/05/09,340,+11.1,6991,+530.6,2847,-4.1,38199,-522.3,-9.36,5.46
2025/05/16,345,+4.6,7325,+333.7,2878,+30.4,38419,+220.1,-8.71,5.24
2025/05/23,361,+16.6,7814,+488.2,2925,+47.7,39238,+819,-9.47,5.02
2025/05/30,370,+8.5,8047,+233,2903,-22.8,39206,-32.5,-7.18,4.87
2025/06/06,371,+1.1,8200,+153.4,2956,+53.5,40142,+936.4,-8,4.9
2025/06/13,406,+34.9,8440,+239.7,3019,+63.3,40489,+347,-7.09,4.8
2025/06/20,397,-8.5,8997,+557.6,3051,+31.2,40540,+50.5,-7.82,4.51
2025/06/27,378,-19.4,8766,-231.5,3027,-23.7,38390,-2149.2,-7.44,4.38
2025/07/04,384,+5.9,8417,-349.2,3066,+38.7,39411,+1020.3,-8.44,4.68
2025/07/11,415,+30.8,8608,+191.4,3107,+41.5,40040,+629.5,-7.13,4.65
2025/07/18,416,+1.4,8722,+113.8,3135,+28.1,40330,+290.1,-7.79,4.62
2025/07/25,443,+26.6,9576,+853.7,3036,-99.3,38274,-2056.1,-6.56,4
2025/08/01,439,-3.4,9274,-301.8,2998,-37.5,38987,+712.4,-6.25,4.2
2025/08/08,468,+28.4,10032,+758.5,2979,-19.6,38905,-82.1,-5.41,3.88
2025/08/15,477,+9.4,11051,+1018.8,2944,-34.9,37786,-1118.8,-5.48,3.42
2025/08/22,490,+13.2,10567,-484.1,3016,+72.3,39879,+2092.9,-5.54,3.77
2025/08/29,435,-55.9,9395,-1172.1,3140,+123.4,41475,+1596.7,-5.9,4.41
2025/09/05,454,+19.6,9566,+171.1,3178,+38.5,42324,+848.7,-5.96,4.42
2025/09/12,491,+36.4,10902,+1335.9,3192,+14,41511,-813.3,-5.29,3.81
2025/09/19,499,+7.9,11229,+326.6,3219,+26.5,41891,+380,-6.22,3.73
2025/09/26,706,+207.7,15147,+3918.7,3181,-37.6,42110,+219.1,-6.68,2.78
2025/10/03,388,-318.1,9321,-5825.8,3473,+292.1,42848,+738,-7.75,4.6
2025/10/10,386,-1.7,9375,+53.7,3550,+77.1,43623,+774.9,-7.88,4.65
2025/10/17,384,-2.4,9182,-193.6,3523,-27.6,44984,+1360.6,-8.94,4.9
2025/10/24,403,+19.2,9752,+570.1,3522,-0.2,44378,-605.9,-6.88,4.55
2025/10/31,369,-33.9,9503,-248.7,3532,+9.6,45025,+647.4,-6.95,4.74
2025/11/07,361,-8.5,8161,-1342.1,3613,+80.4,47355,+2329.9,-7.19,5.8
2025/11/14,384,+22.9,8497,+335.8,3628,+15.1,48348,+993.2,-7.14,5.69
2025/11/21,394,+10.6,8059,-437.2,3461,-166.5,47320,-1027.9,-8.66,5.87
2025/11/28,400,+6.1,8733,+673.5,3459,-2.1,47012,-308.1,-7.11,5.38
2025/12/05,400,-0.5,9005,+272.1,3555,+95.7,47828,+815.9,-8.13,5.31
2025/12/12,417,+17.4,9147,+141.6,3509,-45.8,47625,-203.5,-7.56,5.21
2025/12/19,425,+7.2,9162,+15.3,3543,+34.2,49011,+1386.7,-8.1,5.35
2025/12/26,501,+76.5,11444,+2281.4,3455,-88.1,47976,-1035.6,-5.85,4.19
2026/01/09,391,-110,8624,-2819.1,3481,+25.4,48044,+68.3,-3.04,5.57
2026/01/16,413,+21.8,9278,+653.6,3524,+43.2,48541,+497.3,-1.21,5.23
2026/01/23,417,+4.3,9122,-156.4,3639,+115.1,51161,+2619.9,-1.64,5.61
2026/01/30,408,-8.9,8816,-305.9,3729,+90.4,53867,+2705.2,-3.52,6.11
2026/02/06,433,+24.5,9299,+483,3678,-51.5,53552,-314.4,-3.06,5.76
2026/02/13,463,+30,10228,+929,3635,-42.6,52853,-699.4,-2.02,5.17
2026/02/20,488,+25.1,10620,+392.7,3734,+98.5,55830,+2977,-2.15,5.26
2026/02/27,451,-37,10034,-586.7,3656,-77.6,55405,-424.8,-0.13,5.52
2026/03/06,460,+9,9793,-240.6,3686,+30,57181,+1775.7,-4.42,5.84
2026/03/13,513,+52.9,10012,+218.7,3742,+55.4,57194,+13.5,-5.69,5.71
2026/03/19,535,+21.9,10219,+207.3,3775,+32.8,58025,+830.9,-5.97,5.68
2026/03/27,843,+307.6,15420,+5200.7,3545,-229.4,54419,-3606.3,-6.9,3.53
2026/04/03,459,-383.8,8679,-6740.9,3586,+41.3,52704,-1714.7,-7.67,6.07
2026/04/10,442,-16.7,9733,+1053.6,3623,+36.5,51565,-1139.5,-6.59,5.3
2026/04/17,450,+7.6,9434,-298.7,3623,±0,54859,+3294.5,-4.46,5.82
2026/04/24,461,+11.3,9801,+367,3803,+180.5,56232,+1373.2,-5.45,5.74
2026/05/01,422,-39.4,8406,-1394.6,3797,-6.3,57547,+1314.6,-4.82,6.85
2026/05/15,446,+23.5,8789,+382.7,3799,+1.6,60113,+2566.2,-4.47,6.84
2026/05/22,458,+12,9127,+338,3756,-42.5,60793,+679.5,-1.38,6.66
2026/05/29,439,-18.7,9028,-99.3,3854,+98.1,63915,+3122,-0.36,7.08
2026/06/05,438,-0.7,8882,-145.4,3921,+66.6,66958,+3043.3,-0.68,7.54
2026/06/12,423,-15.5,8742,-140.7,3813,-108,63733,-3225.5,-3.86,7.29
2026/06/19,437,+14.9,10161,+1419.2,3915,+102.3,64756,+1023.2,+1.47,6.37
2026/06/26,498,+60.5,10537,+376,3940,+24.7,70167,+5410.9,-3.09,6.66
2026/07/03,394,-103.6,7852,-2684.6,3871,-69.3,67452,-2715.2,-2.78,8.59
2026/07/10,403,+8.2,7955,+102.5,3806,-64.3,67322,-129.8,-4.95,8.46
2026/07/17,402,-1,6814,-1141.1,3704,-102.7,67097,-224.8,-10.45,9.85
2026/07/24,415,+13.1,7252,+438.5,3662,-41.1,64769,-2328,-8.24,8.93
2026/07/31,421,+5.8,7287,+34.4,3584,-78.4,62022,-2746.7,-8.44,8.51
