公表日,時刻,コード,会社名,種別,市場,33業種,基準日,終値,PBR,業種平均PBR,業種相対PBR,開示タイトル
2024-01-05,15:00,9977,アオキスーパー,MBO,スタンダード市場,小売業,2024-01-05,2640.0,0.68,1.4,0.486,ＭＢＯの実施及び応募の推奨に関するお知らせ
2024-01-19,15:00,5127,Ｇ－グッピーズ,賛同,グロース市場,情報・通信業,2024-01-19,1796.0,2.79,3.9,0.715,株式会社メドレーによる当社株券等に対する公開買付けに関する意見表明のお知らせ
2024-01-24,16:30,4489,Ｇ－ペイロール,MBO,グロース市場,情報・通信業,2024-01-24,1004.0,1.29,3.9,0.331,MBOの実施及び応募の推奨に関するお知らせ
2024-01-30,16:00,5781,東邦金属,賛同,スタンダード市場,非鉄金属,2024-01-30,1300.0,0.82,0.7,1.171,太陽鉱工株式会社による当社株式に対する公開買付けに関する賛同の意見表明及び応募推奨のお知らせ
2024-02-06,15:33,2651,ローソン,賛同,プライム市場,小売業,2024-02-06,8913.0,3.13,1.9,1.647,ＫＤＤＩ株式会社による当社株券等に対する公開買付けの開始予定に関する賛同の意見表明及び応募推奨並びに資本業務提携のお知らせ
2024-02-08,16:00,6556,ウェルビー,MBO,プライム市場,サービス業,2024-02-08,838.0,5.15,2.1,2.452,ＭＢＯの実施及び応募の推奨に関するお知らせ
2024-02-09,17:00,6789,ローランドＤＧ,MBO,プライム市場,電気機器,2024-02-09,3870.0,1.27,1.9,0.668,ＭＢＯの実施及び応募の推奨に関するお知らせ
2024-02-20,16:00,7816,スノーピーク,MBO,プライム市場,その他製品,2024-02-20,1138.0,2.81,1.4,2.007,ＭＢＯの実施及び応募の推奨に関するお知らせ
2024-03-01,20:55,7676,Ｇ－グッドスピード,賛同,グロース市場,小売業,2024-03-01,819.0,,,,株式会社宇佐美鉱油による当社株券等に対する公開買付けの開始予定に係る意見表明に関するお知らせ
2024-03-18,16:30,4185,ＪＳＲ,賛同,プライム市場,化学,2024-03-18,4321.0,2.39,1.2,1.992,JICC-02株式会社による当社株式等に対する公開買付けに関する賛同の意見表明及び応募推奨に関するお知らせ
2024-03-21,18:30,9099,Ｃ＆ＦロジＨＤ,賛同,プライム市場,陸運業,2024-03-21,2041.0,0.96,1.2,0.8,ＡＺ-ＣОМ丸和ホールディングス株式会社による当社株式に対する公開買付けの開始予定に関するお知らせ
2024-03-25,19:40,6938,双信電機,賛同,スタンダード市場,電気機器,2024-03-25,311.0,0.44,0.9,0.489,親会社である華新科技股有限公司の子会社である釜屋電機株式会社による当社株式に対する公開買付けに関する賛同の意見表明及び応募推奨のお知らせ
2024-03-28,16:00,4930,グラフィコ,賛同,スタンダード市場,化学,2024-03-28,2713.0,1.04,0.8,1.3,Church &amp; Dwight Japan合同会社による当社株券等に対する公開買付けの開始予定に関する賛同の意見表明及び応募推奨のお知らせ
2024-04-05,17:30,9717,ジャステック,賛同,プライム市場,情報・通信業,2024-04-05,1410.0,1.16,2.5,0.464,株式会社NTTデータによる当社株券等に対する公開買付けに関する賛同の意見表明及び応募推奨のお知らせ
2024-04-08,17:30,4714,リソー教育,賛同,プライム市場,サービス業,2024-04-08,223.0,2.88,2.1,1.371,ヒューリック株式会社による当社株式に対する公開買付けに関する意見表明、同社との資本業務提携契約の変更、第三者割当による新株式発行に関するお知らせ
2024-04-15,15:30,7074,Ｇ－２４７,賛同,グロース市場,サービス業,2024-04-15,339.0,13.29,3.2,4.153,いなよしキャピタルパートナーズによる当社株式に対する公開買付けに関する意見表明、同社及びNOVAホールディングス等との資本業務提携締結ほかに関するお知らせ
2024-04-25,19:45,4726,ＳＢテクノロジー,賛同,プライム市場,情報・通信業,2024-04-25,2046.0,1.39,2.5,0.556,当社親会社であるソフトバンク株式会社による当社株式等に対する公開買付けに関する賛同の意見表明及び応募推奨のお知らせ
2024-04-25,15:00,8155,三益半導,賛同,プライム市場,金属製品,2024-04-25,2732.0,1.08,0.8,1.35,当社関係会社である信越化学工業株式会社による当社株式に対する公開買付けの開始予定に関する賛同の意見表明及び応募推奨のお知らせ
2024-05-09,15:40,4781,日ハウズ,MBO,スタンダード市場,サービス業,2024-05-09,1138.0,1.69,1.2,1.408,ＭＢＯの実施予定及び応募の推奨に関するお知らせ
2024-05-09,16:00,9055,アルプス物,賛同,プライム市場,陸運業,2024-05-09,4350.0,2.51,1.1,2.282,LDEC株式会社による当社株券等に対する公開買付けの開始予定に関する賛同の意見表明及び応募推奨並びに資本業務提携のお知らせ
2024-05-10,20:10,2599,ジャパンＦ,賛同,スタンダード市場,食料品,2024-05-10,1656.0,0.89,1.2,0.742,JAF ホールディングス株式会社による当社株式に対する公開買付けに関する意見表明のお知らせ
2024-05-13,15:30,2372,アイロムＧ,MBO,プライム市場,サービス業,2024-05-13,1873.0,1.73,2.0,0.865,MBOの実施予定及び応募の推奨に関するお知らせ
2024-05-13,15:00,4770,図研エルミック,賛同,スタンダード市場,情報・通信業,2024-05-13,326.0,2.17,1.7,1.276,支配株主である株式会社図研による当社株式に対する公開買付けに関する賛同の意見表明及び応募推奨に関するお知らせ
2024-05-15,16:40,9078,エスラインＧ本社,MBO,スタンダード市場,陸運業,2024-05-15,1257.0,0.49,0.6,0.817,MBOの実施及び応募の推奨に関するお知らせ
2024-05-16,16:30,3077,ホリイフード,賛同,スタンダード市場,小売業,2024-05-16,392.0,4.68,1.5,3.12,麻布台１号有限責任事業組合による当社株式に対する公開買付けに関する意見表明及び株式会社玉光堂ホールディングスとの業務提携 契約締結に関するお知らせ
2024-05-17,17:30,9827,リリカラ,賛同,スタンダード市場,卸売業,2024-05-17,684.0,1.04,0.8,1.3,株式会社ティーケーピーによる当社株券に対する公開買付けに関する意見表明及び同社との資本業務提携契約締結に関するお知らせ
2024-05-20,15:30,9873,日本ＫＦＣ,賛同,スタンダード市場,小売業,2024-05-20,5400.0,3.9,1.5,2.6,株式会社クリスピーによる当社株式に対する公開買付けに関する意見表明のお知らせ
2024-05-31,16:30,6927,ヘリオステクノＨ,賛同,スタンダード市場,電気機器,2024-05-31,473.0,0.53,0.9,0.589,株式会社RS Technologiesによる当社株券に対する公開買付けに関する賛同の意見表明のお知らせ
2024-06-03,16:30,2899,永谷園ＨＤ,MBO,プライム市場,食料品,2024-06-03,2240.0,0.86,1.3,0.662,ＭＢＯの実施及び応募の推奨に関するお知らせ
2024-06-04,15:00,6236,ＮＣＨＤ,賛同,スタンダード市場,機械,2024-06-04,1719.0,0.98,0.8,1.225,ネイビー１株式会社による当社株式に対する公開買付けに関する賛同の意見表明及び応募推奨のお知らせ
2024-06-10,13:45,6736,サン電子,賛同,スタンダード市場,電気機器,2024-06-07,3690.0,1.67,0.8,2.087,ヘバラ ホールドコ ツー エル ピーによる当社株券に対する公開買付けの開始に関するお知らせ
2024-06-14,15:00,4921,ファンケル,賛同,プライム市場,化学,2024-06-14,2285.0,3.47,1.2,2.892,キリンホールディングス株式会社による当社株式等に対する公開買付けに関する賛同の意見表明及び応募推奨に関するお知らせ
2024-06-18,16:30,4348,インフォコム,賛同,プライム市場,情報・通信業,2024-06-18,6030.0,6.88,2.3,2.991,ビー・エックス・ジェイ・シー・ツー・ホールディング株式会社による当社株券等に対する公開買付けに関する意見表明のお知らせ
2024-06-20,16:00,5809,タツタ線,賛同,プライム市場,非鉄金属,2024-06-20,757.0,0.89,0.9,0.989,ＥＮＥＯＳホールディングス株式会社の完全子会社（ＪＸ金属株式会社）による当社株式に対する公開買付けに関する賛同の意見表明及び応募推奨のお知らせ
2024-06-27,16:00,7647,音通,賛同,スタンダード市場,小売業,2024-06-27,28.0,1.8,1.5,1.2,株式会社GENDAによる当社株券に対する公開買付けに関する意見表明のお知らせ
2024-07-12,16:50,7086,Ｇ－きずなＨＤ,賛同,グロース市場,サービス業,2024-07-12,1442.0,1.66,2.9,0.572,燦ホールディングス株式会社による当社株券等に対する公開買付けに関する賛同の意見表明及び応募推奨のお知らせ
2024-07-16,15:00,5025,Ｇ－マーキュリーＲＩ,賛同,グロース市場,情報・通信業,2024-07-16,640.0,2.03,3.7,0.549,株式会社ＧＡ ｔｅｃｈｎｏｌｏｇｉｅｓによる当社株式に対する公開買付けに関する意見表明及び資本業務提携契約締結のお知らせ
2024-07-23,15:45,6937,古河電池,賛同,プライム市場,電気機器,2024-07-23,1142.0,0.99,1.8,0.55,株式会社ＡＰ78による当社株式に対する公開買付けの開始予定に関する賛同の意見表明及び応募推奨のお知らせ
2024-08-02,16:00,8889,ＡＰＡＭＡＮ,MBO,スタンダード市場,不動産業,2024-08-02,507.0,2.28,0.9,2.533,ＭＢＯの実施及び応募の推奨並びに子会社における会社分割（吸収分割）及び子会社の異動を伴う株式譲渡に関するお知らせ
2024-08-05,15:15,4215,タキロンシーアイ,賛同,プライム市場,化学,2024-08-05,895.0,0.9,1.1,0.818,親会社である伊藤忠商事株式会社の子会社である合同会社APIによる当社株式に対する公開買付けに関する賛同の意見表明及び応募推奨のお知らせ
2024-08-05,15:00,8114,デサント,賛同,プライム市場,繊維製品,2024-08-05,3365.0,2.09,1.0,2.09,伊藤忠商事株式会社の子会社であるＢＳインベストメント株式会社による当社株式に対する公開買付けの開始予定に係る賛同の意見表明及び応募推奨に関するお知らせ
2024-08-08,17:00,2487,ＣＤＧ,賛同,スタンダード市場,サービス業,2024-08-08,1191.0,1.14,1.2,0.95,当社のその他の関係会社である株式会社 CL ホールディングスによる 当社株式に対する公開買付けに関する賛同の意見表明及び応募推奨に関するお知らせ
2024-08-08,16:00,2754,東葛ＨＤ,賛同,スタンダード市場,小売業,2024-08-08,530.0,0.48,1.4,0.343,株式会社オートバックス・ディーラーグループ・ホールディングスによる当社株式等に対する公開買付けに関する賛同の意見表明及び応募推奨のお知らせ
2024-08-08,16:00,5395,理コランダ,賛同,スタンダード市場,ガラス・土石製品,2024-08-08,2790.0,0.5,0.7,0.714,支配株主であるオカモト株式会社による当社株式に対する公開買付けに関する賛同の意見表明及び応募推奨のお知らせ
2024-08-08,19:45,6362,石井鉄,MBO,スタンダード市場,機械,2024-08-08,2953.0,0.83,0.8,1.037,ＭＢＯの実施及び応募の推奨に関するお知らせ
2024-08-08,15:00,6698,ＶｉＳＣＯＴＥＣ,賛同,スタンダード市場,電気機器,2024-08-08,533.0,1.02,0.8,1.275,三菱電機株式会社による当社株券等に対する公開買付けに関する賛同の意見表明及び応募推奨のお知らせ
2024-08-08,17:25,9749,富士ソフト,賛同,プライム市場,情報・通信業,2024-08-08,8890.0,4.2,2.2,1.909,FK株式会社による当社株券等に対する公開買付けの開始予定に関する賛同の意見表明及び応募推奨のお知らせ
2024-08-09,16:30,3918,ＰＣＩＨＤ,賛同,スタンダード市場,情報・通信業,2024-08-09,881.0,1.0,1.7,0.588,株式会社レスターによる当社株式に対する公開買付けに関する賛同及び応募中立の意見表明並びに同社との資本業務提携契約の締結に関するお知らせ
2024-08-14,15:00,4485,Ｇ－ＪＴＯＷＥＲ,賛同,グロース市場,情報・通信業,2024-08-14,1430.0,1.18,3.7,0.319,ディービー ピラミッド ホールディングス エルエルシーによる当社株券等に対する公開買付けに関する賛同の意見表明及び応募推奨のお知らせ
2024-08-14,16:15,8072,日出版貿,賛同,スタンダード市場,卸売業,2024-08-14,2710.0,0.72,0.8,0.9,株式会社トーハンによる当社株式に対する公開買付けに関する賛同の意見表明及び応募推奨のお知らせ
2024-08-26,15:30,1451,ＫＨＣ,賛同,スタンダード市場,建設業,2024-08-26,700.0,0.44,0.7,0.629,ファースト住建株式会社による当社株式に対する公開買付けに関する賛同の意見表明及び応募推奨のお知らせ
2024-09-05,15:00,9232,パスコ,賛同,スタンダード市場,空運業,2024-09-05,1657.0,0.82,3.1,0.265,親会社であるセコム(株)、及び伊藤忠商事(株)が出資するISフロンティアパートナーズ(株)による当社株式の公開買付に関する賛同の意見表明・応募推奨のお知らせ
2024-09-06,15:05,4268,Ｇ－エッジテクノロジ,賛同,グロース市場,情報・通信業,2024-09-06,537.0,8.57,3.6,2.381,株式会社千葉銀行による当社株券等に対する公開買付けに関する賛同の意見表明及び応募推奨のお知らせ
2024-09-09,15:30,9675,常磐興,賛同,スタンダード市場,サービス業,2024-09-09,1540.0,1.12,1.2,0.933,Ｏｎｔａｒｉｏ合同会社による当社株式に対する公開買付けに関する意見表明のお知らせ
2024-09-13,16:15,8890,レーサム,賛同,スタンダード市場,不動産業,2024-09-13,3045.0,1.44,0.9,1.6,ヒューリック株式会社による当社株式に対する公開買付けに関する賛同の意見表明及び応募推奨のお知らせ
2024-09-17,15:00,9058,トランコム,MBO,プライム市場,倉庫・運輸関連業,2024-09-17,7330.0,1.31,1.0,1.31,ＭＢＯの実施及び応募の推奨に関するお知らせ
2024-09-19,15:00,6099,エラン,賛同,プライム市場,サービス業,2024-09-19,852.0,4.12,1.9,2.168,エムスリー株式会社による当社株式に対する公開買付けに関する意見表明及び同社との資本業務提携契約締結に関するお知らせ
2024-09-30,15:00,3738,ティーガイア,賛同,プライム市場,情報・通信業,2024-09-30,3670.0,2.6,2.3,1.13,株式会社BCJ-82-1による当社株式に対する公開買付けに関する意見表明のお知らせ
2024-09-30,15:00,8053,住友商,賛同,プライム市場,卸売業,2024-09-30,799.0,0.89,1.1,0.809,株式会社ティーガイアに対する非公開化への協力に関する契約の締結に関するお知らせ
2024-10-08,17:00,7445,ライトオン,賛同,スタンダード市場,小売業,2024-10-08,305.0,13.59,1.3,10.454,"W&amp;DiDによる当社株式に対する公開買付けの開始予定に係る意見表明,第三者割当による新株発行,並びに主要株主である筆頭株主及び支配株主の異動に関するお知らせ"
2024-10-11,15:30,187A,サムティＨＤ,賛同,プライム市場,不動産業,2024-10-11,3080.0,1.35,1.6,0.844,SongBidco合同会社による当社株式に対する公開買付けに関する賛同の意見表明及び応募推奨のお知らせ
2024-10-11,18:30,7603,マックハウス,賛同,スタンダード市場,小売業,2024-10-11,334.0,4.18,1.3,3.215,当社株式に対する公開買付けに関する意見表明及び株式会社ジーエフホールディングスとの業務提携契約締結に関するお知らせ
2024-10-18,13:45,9362,兵機海運,賛同,スタンダード市場,倉庫・運輸関連業,2024-10-17,2770.0,0.68,0.5,1.36,堂島汽船株式会社による当社株券に対する公開買付けの開始に関するお知らせ
2024-10-29,15:00,1973,ＮＥＳＩＣ,賛同,プライム市場,情報・通信業,2024-10-29,3000.0,2.88,2.3,1.252,当社親会社である日本電気株式会社による当社普通株式に対する公開買付けに係る賛同の意見表明及び応募推奨に関するお知らせ
2024-10-29,17:00,2715,エレマテック,賛同,プライム市場,卸売業,2024-10-29,1705.0,1.0,1.1,0.909,親会社である豊田通商株式会社による当社株式に対する公開買付けに関する賛同の意見表明及び応募推奨のお知らせ
2024-10-31,15:00,8732,マネパＧ,賛同,スタンダード市場,証券、商品先物取引業,2024-10-31,214.0,0.48,0.8,0.6,株式会社外為どっとコムによる当社株式に対する公開買付けに関する賛同の意見表明及び応募推奨のお知らせ
2024-11-01,15:00,6164,太陽工機,賛同,スタンダード市場,機械,2024-11-01,1395.0,1.2,0.7,1.714,支配株主であるDMG森精機株式会社による当社株式に対する 公開買付けに関する賛同の意見表明及び応募推奨に関するお知らせ
2024-11-06,16:30,7518,ネットワン,賛同,プライム市場,情報・通信業,2024-11-06,3605.0,3.57,2.3,1.552,ＳＣＳＫ株式会社による当社株券等に対する公開買付けに関する賛同の意見表明及び応募推奨のお知らせ
2024-11-07,17:30,1439,安江工務店,賛同,スタンダード市場,建設業,2024-11-07,1515.0,0.8,0.7,1.143,株式会社サーラコーポレーションによる当社株券等に対する公開買付けに関する賛同の意見表明及び応募推奨のお知らせ
2024-11-07,16:30,3857,ラック,賛同,スタンダード市場,情報・通信業,2024-11-07,746.0,1.48,1.6,0.925,ＫＤＤＩ株式会社による当社株式に対する公開買付けの開始予定に関する賛同の意見表明及び応募推奨のお知らせ
2024-11-07,15:30,6640,Ｉ・ＰＥＸ,MBO,プライム市場,電気機器,2024-11-07,1599.0,0.48,1.6,0.3,ＭＢＯの実施及び応募の推奨に関するお知らせ
2024-11-11,17:30,5610,大和重,MBO,スタンダード市場,鉄鋼,2024-11-11,1145.0,0.49,0.5,0.98,ＭＢＯの実施及び応募の推奨に関するお知らせ
2024-11-11,16:00,5993,知多鋼,賛同,,,2024-11-11,849.0,0.34,,,カヤバ株式会社による当社株式に対する公開買付けの開始予定に関する意見表明及び応募推奨のお知らせ
2024-11-11,17:00,9260,Ｗｉｓｍｅｔｔａｃ,MBO,プライム市場,卸売業,2024-11-11,1353.0,0.69,1.0,0.69,MBOの実施及び応募の推奨に関するお知らせ
2024-11-12,17:00,4955,アグロカネショウ,賛同,スタンダード市場,化学,2024-11-12,1389.0,0.84,0.7,1.2,出光興産株式会社による当社株式に対する公開買付けに関する賛同の意見表明及び応募推奨のお知らせ
2024-11-13,15:30,5596,Ｇ－アウトルック,賛同,グロース市場,情報・通信業,2024-11-13,1000.0,3.7,3.5,1.057,株式会社マネーフォワードの子会社による当社株式に対する公開買付けに関する意見表明並びに同社との資本業務提携契約の締結に関するお知らせ
2024-11-13,16:00,5935,元旦,MBO,スタンダード市場,金属製品,2024-11-13,1501.0,0.95,0.5,1.9,MBOの実施及び応募の推奨に関するお知らせ
2024-11-13,16:00,7999,ＭＵＴＯＨ－ＨＤ,賛同,スタンダード市場,電気機器,2024-11-13,2403.0,0.47,0.8,0.587,TCSファンド及び豊栄実業株式会社による当社株式に対する公開買付けに関する意見表明のお知らせ
2024-11-14,17:45,3909,ショーケース,賛同,スタンダード市場,情報・通信業,2024-11-14,397.0,3.47,1.6,2.169,AIFC社による当社株式に対する公開買付けに関する賛同、提携契約の締結、及び同社を割当予定先とする第三者割当による新株式発行に関するお知らせ
2024-11-14,15:30,3978,マクロミル,賛同,プライム市場,情報・通信業,2024-11-14,821.0,0.75,2.3,0.326,TJ1株式会社による当社株式等に対する公開買付けに関する賛同の意見表明及び応募推奨のお知らせ
2024-11-14,17:00,3990,Ｇ－ＵＵＵＭ,賛同,グロース市場,情報・通信業,2024-11-14,365.0,1.97,3.5,0.563,支配株主である株式会社フリークアウト・ホールディングスによる当社株券等に対する 公開買付けに関する意見表明及び応募推奨のお知らせ
2024-11-14,16:00,4295,フェイス,MBO,スタンダード市場,情報・通信業,2024-11-14,379.0,0.32,1.6,0.2,ＭＢＯの実施及び応募の推奨に関するお知らせ
2024-11-14,17:00,9160,ノバレーゼ,賛同,スタンダード市場,サービス業,2024-11-14,349.0,0.99,1.2,0.825,株式会社ティーケーピーによる当社株式に対する公開買付けに関する賛同及び応募中立の意見表明並びに同社との資本業務提携契約の締結に関するお知らせ
2024-11-14,17:00,9522,Ｇ－リニューアブルＪ,MBO,グロース市場,電気・ガス業,2024-11-14,538.0,1.26,2.3,0.548,ＭＢＯの実施及び応募の推奨に関するお知らせ
2024-11-15,15:30,3192,白鳩,賛同,スタンダード市場,小売業,2024-11-15,255.0,0.77,1.3,0.592,株式会社歯愛メディカルによる当社株券に対する公開買付けに関する意見表明のお知らせ
2024-11-19,16:00,9161,ＩＤ＆ＥＨＤ,賛同,プライム市場,サービス業,2024-11-19,3980.0,0.69,1.8,0.383,東京海上ホールディングス株式会社による当社株式に対する公開買付けに関する賛同の意見表明及び応募推奨のお知らせ
2024-11-29,16:00,5622,Ｐ－ワンビ,賛同,,情報・通信業,,,,,,株式会社アイキューブドシステムズによる当社株式に対する公開買付けに関する意見表明のお知らせ
2024-11-29,15:30,7342,Ｇ－ウェルスナビ,賛同,グロース市場,証券、商品先物取引業,2024-11-29,1358.0,2.77,1.9,1.458,株式会社三菱UFJ銀行による当社株券等に対する公開買付けに関する賛同の意見表明及び応募推奨に関するお知らせ
2024-12-06,17:00,7896,セブン工,賛同,スタンダード市場,その他製品,2024-12-06,456.0,0.32,0.5,0.64,都築木材株式会社による当社株式に対する公開買付けに関する賛同及び応募中立の意見表明に関するお知らせ
2024-12-09,15:30,1730,麻生フオーム,賛同,スタンダード市場,建設業,2024-12-09,541.0,1.84,0.7,2.629,当社の支配株主（親会社）の子会社である日特建設株式会社による当社株式に対する公開買付けに係る賛同の意見表明及び応募推奨に関するお知らせ
2024-12-13,17:15,3976,Ｇ－シャノン,賛同,グロース市場,情報・通信業,2024-12-13,529.0,,,,株式会社イノベーションによる当社株式等に対する公開買付けに関する意見表明に関するお知らせ
2024-12-13,15:30,4124,大阪油化工業,賛同,スタンダード市場,化学,2024-12-13,1520.0,0.78,0.8,0.975,株式会社ダイセキによる当社株式に対する公開買付けに関する賛同の意見表明及び応募推奨に関するお知らせ
2024-12-19,17:15,3328,ＢＥＥＮＯＳ,賛同,プライム市場,小売業,2024-12-19,4070.0,3.57,1.9,1.879,LINEヤフー株式会社による当社株券等に対する公開買付けの開始に関する賛同の意見表明及び応募推奨のお知らせ
2024-12-26,15:30,4304,Ｅストアー,賛同,スタンダード市場,情報・通信業,2024-12-26,1204.0,1.89,1.7,1.112,株式会社JG27による当社株式に対する公開買付けの開始予定に係る賛同の意見表明及び応募推奨に関するお知らせ
2024-12-27,14:30,6135,牧野フライス,賛同,プライム市場,機械,2024-12-26,7750.0,0.8,1.4,0.571,ニデック株式会社による当社株式に対する公開買付け開始予定に関するお知らせ
2025-01-06,15:30,6755,富士通ゼ,賛同,プライム市場,電気機器,2025-01-06,2273.0,1.82,1.6,1.137,株式会社パロマ・リームホールディングスによる当社株式に対する公開買付けの開始予定に係る賛同の意見表明及び応募推奨に関するお知らせ
2025-01-10,16:30,3254,プレサンス,賛同,スタンダード市場,不動産業,2025-01-10,1957.0,0.7,0.9,0.778,支配株主である株式会社オープンハウスグループによる当社株券に対する公開買付けに関する賛同の意見表明及び応募推奨のお知らせ
2025-01-14,16:00,7408,ジャムコ,賛同,プライム市場,輸送用機器,2025-01-14,1408.0,2.01,0.9,2.233,株式会社BCJ-92による当社株券等に対する公開買付けの開始予定に関する賛同の意見表明及び応募推奨のお知らせ
2025-01-28,21:45,3458,シーアールイー,MBO,プライム市場,不動産業,2025-01-28,1314.0,0.93,1.6,0.581,ＭＢＯの実施及び応募の推奨に関するお知らせ
2025-01-30,16:30,7559,ＧＦＣ,MBO,スタンダード市場,卸売業,2025-01-30,1394.0,0.45,0.7,0.643,ＭＢＯの実施及び応募の推奨に関するお知らせ
2025-01-31,17:45,2372,アイロムＧ,MBO,プライム市場,サービス業,2025-01-31,2786.0,2.58,1.9,1.358,MBOの実施及び応募の推奨に関するお知らせ
2025-01-31,15:30,3264,アスコット,賛同,スタンダード市場,不動産業,2025-01-31,216.0,0.99,0.9,1.1,大東建託株式会社による当社株券等に対する公開買付けに関する賛同の意見表明及び応募推奨のお知らせ
2025-01-31,16:30,3830,ギガプライズ,賛同,,,2025-01-31,1684.0,2.32,,,支配株主であるフリービット株式会社が出資する株式会社LERZによる当社株券等に対する公開買付けに関する賛同の意見表明及び応募推奨のお知らせ
2025-01-31,16:30,3952,中央紙器,賛同,,,2025-01-31,1349.0,0.5,,,ニッコンホールディングス株式会社による当社株式に対する公開買付けに関する賛同の意見表明及び応募推奨のお知らせ
2025-01-31,16:00,5481,山陽特鋼,賛同,プライム市場,鉄鋼,2025-01-31,2001.0,0.49,0.6,0.817,当社親会社である日本製鉄株式会社による当社株式に対する公開買付けに係る賛同の意見表明及び応募推奨に関するお知らせ
2025-02-04,18:30,2397,ＤＮＡチップ研,賛同,スタンダード市場,サービス業,2025-02-04,719.0,7.21,1.2,6.008,三井化学株式会社による当社株式に対する公開買付けに関する賛同の意見表明及び応募推奨のお知らせ
2025-02-04,16:30,3666,テクノスジャパン,賛同,スタンダード市場,情報・通信業,2025-02-04,833.0,2.16,1.6,1.35,シー・シックス・エイト株式会社による当社株券等に対する公開買付けに関する賛同の意見表明及び応募推奨のお知らせ
2025-02-04,15:30,4298,プロトコーポ,MBO,プライム市場,サービス業,2025-02-04,1280.0,1.04,1.9,0.547,ＭＢＯの実施及び応募の推奨に関するお知らせ
2025-02-04,18:30,8038,東都水,賛同,スタンダード市場,卸売業,2025-02-04,5390.0,0.72,0.7,1.029,合同会社麻生東水ホールディングスによる当社株式に対する公開買付けに関する賛同の意見表明及び応募に関する中立の意見表明に関するお知らせ
2025-02-05,18:00,6131,浜井産,MBO,スタンダード市場,機械,2025-02-05,977.0,0.98,0.7,1.4,ＭＢＯの実施及び応募の推奨に関するお知らせ
2025-02-05,20:55,6957,芝浦電子,賛同,スタンダード市場,電気機器,2025-02-05,3135.0,1.28,0.8,1.6,YAGEO Corporation による当社株式に対する公開買付けの開始予定に関するお知らせ
2025-02-05,15:45,9852,ＣＢグループ,賛同,スタンダード市場,卸売業,2025-02-05,5300.0,0.42,0.7,0.6,C Holdings株式会社による当社株式に対する公開買付けに関する賛同の意見表明及び応募推奨のお知らせ
2025-02-06,17:10,2107,洋糖,賛同,スタンダード市場,食料品,2025-02-06,1628.0,0.82,1.2,0.683,ウェルネオシュガー株式会社による当社株式に対する公開買付けに関する賛同の意見表明及び応募推奨のお知らせ
2025-02-06,17:30,4615,神東塗料,賛同,スタンダード市場,化学,2025-02-06,155.0,0.35,0.8,0.437,大日本塗料株式会社による当社株式に対する公開買付けに関する意見表明及び同社を割当予定先とする第三者割当増資の方法による新株式発行に関するお知らせ
2025-02-07,16:30,3604,川本産業,賛同,スタンダード市場,繊維製品,2025-02-07,906.0,0.69,0.5,1.38,支配株主であるエア・ウォーター株式会社による当社株式に対する公開買付けに関する賛同の意見表明及び応募推奨のお知らせ
2025-02-10,16:00,8956,Ｒ－ＮＴＴ都市開発Ｒ,反対/留保,,,2025-02-10,132300.0,,,,CITCO TRUSTEES (UT) LIMITED AS TRUSTEE OF 3D ENDEAVOR MASTER FUND IIによるＮＴＴ都市開発リート投資法人投資口に対する公開買付けに関する意見表明（留保）
2025-02-12,16:00,6955,ＦＤＫ,賛同,スタンダード市場,電気機器,2025-02-12,640.0,1.35,0.8,1.688,SILITECH TECHNOLOGY CORPORATIONによる当社株式に対する公開買付けに関する意見表明のお知らせ
2025-02-13,16:50,4435,Ｇ－カオナビ,賛同,グロース市場,情報・通信業,2025-02-13,1980.0,8.93,3.6,2.481,キーストーンインベストメントホールディングスエルピーによる当社株券等に対する公開買付けに関する意見表明のお知らせ
2025-02-14,18:00,5845,全保連,賛同,スタンダード市場,その他金融業,2025-02-14,758.0,2.73,1.1,2.482,三菱UFJニコス(株)による当社株式に対する公開買付けに関する賛同及び応募中立の意見表明並びに同社及び(株)三菱UFJ銀行との資本業務提携契約の締結のお知らせ
2025-02-14,15:30,6715,ナカヨ,賛同,スタンダード市場,電気機器,2025-02-14,1064.0,0.3,0.8,0.375,あいホールディングス株式会社による当社株券に対する公開買付けに関する賛同の意見表明及び応募推奨のお知らせ
2025-02-17,16:00,2936,Ｇ－ベースフード,賛同,グロース市場,食料品,2025-02-17,558.0,28.51,4.6,6.198,ＭＢＦアクセラレーション株式会社による当社株式に対する公開買付けに関する賛同及び応募中立の意見表明のお知らせ
2025-02-17,21:00,6967,新光電工,賛同,プライム市場,電気機器,2025-02-17,5868.0,2.8,1.6,1.75,JICC－04株式会社による当社株式に対する公開買付けに係る賛同の意見表明及び応募推奨に関するお知らせ
2025-02-25,16:30,8977,Ｒ－阪急阪神,反対/留保,,,2025-02-25,143600.0,,,,CITCO TRUSTEES (UT) LIMITED AS TRUSTEE OF 3D ENDEAVOR MASTER FUND IIによる阪急阪神リート投資法人投資口に対する公開買付けに関する意見表明（留保）
2025-02-26,16:40,9070,トナミＨＤ,MBO,プライム市場,陸運業,2025-02-26,5870.0,0.57,1.0,0.57,ＭＢＯの実施及び応募の推奨に関するお知らせ
2025-02-28,17:00,6319,シンニッタン,賛同,スタンダード市場,鉄鋼,2025-02-28,207.0,0.28,0.5,0.56,ARTS-３株式会社による当社株式に対する公開買付けに関する賛同の意見表明及び応募推奨のお知らせ
2025-02-28,15:30,9787,イオンディライ,賛同,プライム市場,サービス業,2025-02-28,4685.0,2.05,1.9,1.079,親会社であるイオン株式会社による当社株券等に対する公開買付けに関する賛同の意見表明及び応募推奨のお知らせ
2025-03-07,15:40,9384,内外トランスライン,賛同,プライム市場,倉庫・運輸関連業,2025-03-07,2504.0,1.13,0.9,1.256,IAPF2株式会社による当社株式に対する公開買付けに関する賛同の意見表明及び応募推奨のお知らせ
2025-03-10,15:30,7623,サンオータス,MBO,スタンダード市場,小売業,2025-03-10,621.0,0.57,1.3,0.438,ＭＢＯの実施及び応募の推奨に関するお知らせ
2025-03-14,17:20,4267,Ｇ－ライトワークス,MBO,グロース市場,情報・通信業,2025-03-14,1537.0,9.31,3.6,2.586,MBOの実施及び応募の推奨に関するお知らせ
2025-03-14,17:30,5585,Ｇ－エコナビスタ,賛同,グロース市場,情報・通信業,2025-03-14,1716.0,3.14,3.6,0.872,エーザイ株式会社による当社株券等に対する公開買付けに関する賛同の意見表明及び応募推奨のお知らせ
2025-03-14,16:10,7958,天馬,MBO,プライム市場,化学,2025-03-14,2611.0,0.62,1.0,0.62,ＭＢＯの実施及び応募の推奨に関するお知らせ
2025-03-28,18:00,2437,シンワワイズ,賛同,スタンダード市場,サービス業,2025-03-28,394.0,1.8,1.2,1.5,ニューホライズン4号投資事業有限責任組合及び Catalyst Art Investments 株式会社による当社株式に対する公開買付けの開始予定に関するお知らせ
2025-03-28,17:00,3497,Ｇ－ＬｅＴｅｃｈ,賛同,グロース市場,不動産業,2025-03-28,1328.0,1.07,2.3,0.465,住友林業株式会社による当社株式に対する公開買付けに関する意見表明のお知らせ
2025-03-28,18:15,7732,トプコン,賛同,プライム市場,精密機器,2025-03-28,3130.0,3.19,1.6,1.994,TK株式会社による当社株券等に対する公開買付けの開始予定に関する賛同の意見表明及び応募推奨のお知らせ
2025-04-10,16:30,4173,Ｇ－ＷＡＣＵＬ,賛同,グロース市場,情報・通信業,2025-04-10,295.0,1.75,3.4,0.515,株式会社TBSホールディングスによる当社株券等に対する公開買付けに関する意見表明のお知らせ
2025-04-10,15:30,8886,ウッドフレンス,賛同,スタンダード市場,不動産業,2025-04-10,950.0,0.52,0.9,0.578,株式会社長谷工コーポレーションによる当社株式に対する公開買付けに関する賛同の意見表明及び応募推奨のお知らせ
2025-04-11,16:40,3391,ツルハＨＤ,賛同,プライム市場,小売業,2025-04-11,2180.0,1.79,1.8,0.994,イオン株式会社による当社株式に対する公開買付けの開始予定に関する意見表明のお知らせ
2025-04-11,16:00,5357,ヨータイ,賛同,プライム市場,ガラス・土石製品,2025-04-11,1667.0,0.95,1.2,0.792,ASNFホールディングス合同会社による当社株式に対する公開買付けに関する意見表明に関するお知らせ
2025-05-07,13:50,4477,Ｇ－ＢＡＳＥ,賛同,グロース市場,情報・通信業,2025-05-02,454.0,3.79,3.6,1.053,牧 寛之氏による当社株券に対する公開買付けの開始に関するお知らせ
2025-05-07,15:30,4551,鳥居薬,賛同,プライム市場,医薬品,2025-05-07,5580.0,1.28,1.3,0.985,塩野義製薬株式会社による当社株式に対する公開買付けに関する賛同の意見表明及び応募推奨のお知らせ
2025-05-08,15:30,7451,三菱食品,賛同,スタンダード市場,卸売業,2025-05-08,6220.0,1.22,0.7,1.743,支配株主である三菱商事株式会社による当社株式に対する公開買付けに関する賛同の意見表明及び応募推奨のお知らせ
2025-05-08,15:35,9613,ＮＴＴデータグループ,賛同,プライム市場,情報・通信業,2025-05-08,3492.0,2.68,2.4,1.117,当社親会社である日本電信電話株式会社による当社株式に対する公開買付けに関する賛同の意見表明及び応募推奨のお知らせ
2025-05-09,17:00,6879,ＩＭＡＧＩＣＡ　Ｇ,MBO,プライム市場,情報・通信業,2025-05-09,556.0,0.73,2.4,0.304,MBOの実施及び応募の推奨に関するお知らせ
2025-05-12,18:30,9066,日新,MBO,プライム市場,倉庫・運輸関連業,2025-05-12,6350.0,1.08,0.9,1.2,ＭＢＯの実施に関する賛同の意見表明及び応募の推奨に関するお知らせ
2025-05-14,16:40,1821,三住建設,賛同,プライム市場,建設業,2025-05-14,550.0,1.28,1.1,1.164,インフロニア・ホールディングス株式会社による当社株式に対する公開買付けの開始予定に関する賛同の意見表明及び応募推奨のお知らせ
2025-05-14,15:30,1884,日道路,賛同,プライム市場,建設業,2025-05-14,2459.0,1.05,1.1,0.955,当社親会社である清水建設株式会社による当社株式に対する公開買付けに関する賛同の意見表明及び応募推奨のお知らせ
2025-05-14,16:00,3347,トラスト,賛同,スタンダード市場,小売業,2025-05-14,291.0,0.72,1.3,0.554,支配株主であるＶＴホールディングス株式会社による当社株式に対する公開買付けに関する賛同の意見表明及びお応募推奨のお知らせ
2025-05-14,17:40,6095,メドピア,MBO,プライム市場,サービス業,2025-05-14,468.0,1.04,1.8,0.578,ＭＢＯの実施及び応募の推奨に関するお知らせ
2025-05-15,16:30,3319,ＧＤＯ,MBO,プライム市場,小売業,2025-05-15,330.0,,,,MBOの実施及び応募の推奨に関するお知らせ
2025-05-20,17:50,1847,イチケン,賛同,スタンダード市場,建設業,2025-05-20,1490.0,0.6,0.7,0.857,株式会社マルハンによる当社株式に対する公開買付けに関する意見表明（賛同・応募中立）に関するお知らせ
2025-05-26,17:01,8793,ＮＥＣキャピ,賛同,プライム市場,その他金融業,2025-05-26,3815.0,0.67,0.9,0.744,株式会社SBI新生銀行による当社株式に対する公開買付けに関する賛同及び応募中立の意見表明に関するお知らせ
2025-05-26,12:10,9377,エージーピー,反対/留保,スタンダード市場,倉庫・運輸関連業,2025-05-23,1527.0,2.14,0.5,4.28,日本航空株式会社による株主提案（株式併合等）に対する意見表明（反対）のお知らせ
2025-05-29,15:55,7163,住信ＳＢＩネット銀,賛同,スタンダード市場,銀行業,2025-05-29,3985.0,3.44,0.3,11.467,株式会社ＮＴＴドコモによる当社株式に対する公開買付けに関する賛同の意見表明及び応募推奨並びに業務提携契約の締結に関するお知らせ
2025-05-30,15:30,6973,協栄産,賛同,スタンダード市場,卸売業,2025-05-30,2227.0,0.36,0.7,0.514,加賀電子株式会社による当社株式に対する公開買付けに関する賛同の意見表明及び応募推奨のお知らせ
2025-06-03,15:30,6201,豊田織,賛同,プライム市場,輸送用機器,2025-06-03,18400.0,1.12,0.9,1.244,トヨタ不動産株式会社による当社株式に対する公開買付けの開始予定に関する賛同及び応募中立の意見表明のお知らせ
2025-06-06,17:00,6695,Ｐ－キャストリコ,賛同,,電気機器,,,,,,株式会社ＮＦＫホールディングスによる当社株券等に対する公開買付に関する意見表明及び同社との資本業務提携契約の締結に関するお知らせ
2025-06-06,16:30,7605,フジコーポレーション,賛同,プライム市場,小売業,2025-06-06,2141.0,1.32,1.9,0.695,株式会社宇佐美鉱油による当社株式等に対する公開買付けに関する賛同の意見表明及び応募推奨のお知らせ
2025-06-09,15:30,9696,ウィザス,賛同,スタンダード市場,サービス業,2025-06-09,2743.0,4.71,1.2,3.925,株式会社NSSK-J1による当社株券等に対する公開買付けに関する賛同の意見表明及び応募推奨のお知らせ
2025-06-10,20:30,6772,コスモス電,賛同,スタンダード市場,電気機器,2025-06-10,1362.0,1.23,0.8,1.537,Bourns Japan Holdings LLCによる当社株式に対する公開買付けの開始予定に関する賛同の意見表明及び応募推奨のお知らせ
2025-06-10,15:35,9164,Ｇ－トライト,賛同,グロース市場,サービス業,2025-06-10,654.0,2.17,2.6,0.835,TCG2505株式会社による当社株式に対する公開買付けに関する賛同の意見表明及び応募推奨のお知らせ
2025-06-16,15:30,3565,アセンテック,賛同,スタンダード市場,卸売業,2025-06-16,489.0,4.18,0.8,5.225,OPI・18 株式会社による当社株券等に対する公開買付けの開始に関する賛同の意見表明及び応募推奨のお知らせ
2025-06-16,17:00,3688,ＣＡＲＴＡ　ＨＤ,賛同,プライム市場,情報・通信業,2025-06-16,1531.0,1.59,2.4,0.663,株式会社NTTドコモによる当社株券等に対する公開買付けの開始予定に関する意見表明及び業務資本提携契約の締結のお知らせ
2025-06-16,17:00,6297,鉱研工業,賛同,スタンダード市場,機械,2025-06-16,525.0,0.87,0.7,1.243,ヒューリック株式会社による当社株式に対する公開買付けに関する賛同の意見表明及び応募推奨のお知らせ
2025-06-16,16:20,6411,中野冷機,賛同,スタンダード市場,機械,2025-06-16,5850.0,1.16,0.7,1.657,エムキャップ十五号株式会社による当社普通株式に対する公開買付けに係る賛同の意見表明及び応募の推奨に関するお知らせ
2025-06-30,15:30,9284,Ｉ－カナディアンソラ,賛同,,,2025-06-30,75400.0,,,,ヒューリック株式会社によるカナディアン・ソーラー・インフラ投資法人（証券コード9284）投資口に対する公開買付けに関する意見表明に関するお知らせ
2025-06-30,17:30,9386,日本コンセプト,MBO,プライム市場,倉庫・運輸関連業,2025-06-30,2231.0,1.6,1.1,1.455,MBOの実施及び応募の推奨に関するお知らせ
2025-07-04,16:30,7379,Ｇ－サーキュ,賛同,グロース市場,サービス業,2025-07-04,672.0,1.84,2.7,0.681,株式会社PKSHA Technologyによる当社株券等に対する公開買付けに関する賛同の意見表明及び応募推奨のお知らせ
2025-07-14,15:30,3073,ＤＤグループ,賛同,プライム市場,小売業,2025-07-14,1443.0,2.85,1.9,1.5,ＰＣＧＶＩ－１株式会社による当社株式に対する公開買付けに関する賛同の意見表明及び応募推奨のお知らせ
2025-07-14,17:00,6312,フロイント,MBO,スタンダード市場,機械,2025-07-14,766.0,0.82,0.7,1.171,ＭＢＯの実施及び応募の推奨に関するお知らせ
2025-07-25,15:30,7250,太平洋工,MBO,プライム市場,輸送用機器,2025-07-25,1761.0,0.58,0.9,0.644,ＭＢＯの実施及び応募の推奨に関するお知らせ
2025-07-30,08:45,6406,フジテック,賛同,プライム市場,機械,2025-07-29,6205.0,3.17,1.4,2.264,Bospolder１株式会社による当社株券等に対する公開買付けの開始予定に関する意見表明のお知らせ
2025-07-31,16:30,3341,日本調剤,賛同,プライム市場,小売業,2025-07-31,3515.0,1.76,1.9,0.926,株式会社AP86による当社株式に対する公開買付けに関する賛同の意見表明及び応募推奨のお知らせ
2025-08-01,15:30,5352,黒崎播磨,賛同,プライム市場,ガラス・土石製品,2025-08-01,3450.0,1.14,1.4,0.814,当社の親会社である日本製鉄株式会社による当社株式に対する公開買付けの開始予定に係る賛同の意見表明及び応募推奨に関するお知らせ
2025-08-05,15:30,1743,コーアツ工業,賛同,スタンダード市場,建設業,2025-08-05,1727.0,0.42,0.8,0.525,株式会社ウエムラによる当社株式に対する公開買付けに関する賛同の意見表明及び応募推奨のお知らせ
2025-08-06,16:30,4319,ＴＡＣ,MBO,スタンダード市場,サービス業,2025-08-06,239.0,0.64,1.3,0.492,ＭＢＯの実施及び応募の推奨に関するお知らせ
2025-08-06,15:30,4464,ソフト９９,MBO,スタンダード市場,化学,2025-08-06,1620.0,0.61,0.8,0.762,MBOの実施及び応募推奨に関するお知らせ
2025-08-06,15:30,6028,テクノプロＨＤ,賛同,プライム市場,サービス業,2025-08-06,4876.0,5.97,1.9,3.142,テクノプロ・グループ　非公開化に向けた方針について
2025-08-06,20:30,6542,ＦＣＨＤ,賛同,スタンダード市場,サービス業,2025-08-06,1190.0,0.96,1.3,0.738,ＴＣＢ‐１４株式会社による当社株式に対する公開買付けに関する賛同意見表明及び応募推奨に関するお知らせ
2025-08-07,16:30,3540,Ｃｉメディカル,賛同,スタンダード市場,卸売業,2025-08-07,1010.0,1.76,0.8,2.2,その他の関係会社であるエア・ウォーター株式会社による 当社株式に対する公開買付けに関する賛同の意見表明及び応募推奨のお知らせ
2025-08-07,16:30,6937,古河電池,賛同,プライム市場,電気機器,2025-08-07,1390.0,1.15,1.6,0.719,株式会社ＡＰ78による当社株式に対する公開買付けに関する賛同の意見表明及び応募推奨のお知らせ
2025-08-08,21:35,1890,東洋建,賛同,プライム市場,建設業,2025-08-08,1644.0,2.1,1.3,1.615,大成建設株式会社による当社株式に対する公開買付けに関する賛同の意見表明及び応募推奨のお知らせ
2025-08-08,16:30,3526,芦森工,賛同,スタンダード市場,輸送用機器,2025-08-08,2880.0,0.7,0.6,1.167,その他の関係会社である豊田合成株式会社による当社株券等に対する公開買付けに関する賛同の意見表明及び応募推奨のお知らせ
2025-08-08,16:00,3847,パシフィックＳ,賛同,スタンダード市場,情報・通信業,2025-08-08,5250.0,1.14,1.8,0.633,支配株主である太平洋セメント株式会社による当社株式に対する 公開買付けに関する賛同の意見表明及び応募推奨のお知らせ
2025-08-08,16:30,6416,桂川電機,MBO,スタンダード市場,機械,2025-08-08,723.0,0.27,0.8,0.338,ＭＢＯの実施及び応募の推奨に関するお知らせ
2025-08-08,16:30,9904,ベリテ,賛同,スタンダード市場,小売業,2025-08-08,386.0,2.48,1.3,1.908,センコーグループホールディングス株式会社による当社株式に対する公開買付けに関する意見表明のお知らせ
2025-08-12,20:20,3136,Ａ－エコノス,賛同,,,2025-08-12,1056.0,1.57,,,株式会社ハードオフコーポレーションによる当社株式に対する公開買付けに関する賛同の意見表明及び応募推奨のお知らせ
2025-08-13,16:00,2150,ケアネット,賛同,プライム市場,サービス業,2025-08-13,767.0,3.0,1.9,1.579,Curie １株式会社による当社株式に対する公開買付けに関する賛同の意見表明及び応募推奨のお知らせ
2025-08-14,18:20,176A,Ｇ－レジル,賛同,グロース市場,電気・ガス業,2025-08-14,2574.0,4.76,28.1,0.169,株式会社BCJ-100による当社株券等に対する公開買付けに関する賛同の意見表明及び応募推奨のお知らせ
2025-08-14,16:15,5070,Ｇ－ドラフト,MBO,グロース市場,建設業,2025-08-14,571.0,1.74,2.5,0.696,MBOの実施及び応募の推奨に関するお知らせ
2025-08-14,16:15,5577,Ｇ－アイデミー,賛同,グロース市場,情報・通信業,2025-08-14,1081.0,3.99,3.9,1.023,アクセンチュア株式会社による当社株券等に対する公開買付けに関する賛同の意見表明及び応募推奨のお知らせ
2025-08-29,12:15,7229,ユタカ技研,賛同,スタンダード市場,輸送用機器,2025-08-28,2843.0,0.41,0.6,0.683,マザーサン グローバル インベストメンツ ビーブイによる当社株式に対する公開買付けの開始予定に係る賛同の意見表明及び応募推奨に関するお知らせ
2025-08-29,20:00,7523,アールビバン,MBO,スタンダード市場,小売業,2025-08-29,1103.0,0.64,1.3,0.492,ＭＢＯの実施及び応募の推奨に関するお知らせ
2025-09-10,17:15,4917,マンダム,MBO,プライム市場,化学,2025-09-10,1484.0,0.96,1.1,0.873,ＭＢＯの実施予定に関する賛同の意見表明及び応募の推奨に関するお知らせ
2025-09-11,19:00,2389,デジタルＨＤ,賛同,プライム市場,サービス業,2025-09-11,2143.0,0.83,2.0,0.415,株式会社博報堂ＤＹホールディングスによる当社株券等に対する公開買付けに関する意見表明のお知らせ
2025-09-11,16:00,5017,富士石油,賛同,プライム市場,石油・石炭製品,2025-09-11,333.0,0.41,0.9,0.456,その他の関係会社である出光興産株式会社による当社株式に対する公開買付けに関する賛同の意見表明及び応募推奨のお知らせ
2025-09-24,18:30,7817,パラベッド,MBO,プライム市場,その他製品,2025-09-24,2671.0,1.09,1.4,0.779,ＭＢＯの実施及び応募の推奨に関するお知らせ
2025-09-30,23:00,7011,三菱重,賛同,プライム市場,機械,2025-09-30,3879.0,5.23,1.5,3.487,当社連結子会社である三菱ロジスネクスト株式会社の非公開化に係る契約の締結及び連結子会社の異動（予定）のお知らせ
2025-09-30,23:00,7105,三菱ロジスネクスト,賛同,スタンダード市場,輸送用機器,2025-09-30,1815.0,1.6,0.7,2.286,LVJホールディングス2合同会社による当社株券等に対する公開買付けの開始予定に関する意見表明のお知らせ
2025-10-02,15:30,1712,ダイセキＳ,賛同,スタンダード市場,建設業,2025-10-02,1199.0,1.11,0.8,1.387,親会社である株式会社ダイセキによる当社株券等に対する公開買付けに関する賛同の意見表明及び応募推奨のお知らせ
2025-10-02,17:45,9600,アイネット,賛同,プライム市場,情報・通信業,2025-10-02,1649.0,1.25,2.5,0.5,OFI・01株式会社による当社株式に対する公開買付けに関する賛同の意見表明及び応募推奨のお知らせ
2025-10-15,17:00,3094,スーパーＶ,賛同,スタンダード市場,小売業,2025-10-15,648.0,4.72,1.4,3.371,支配株主である株式会社OICグループによる当社株券等に対する公開買付けに関する賛同の意見表明及び応募推奨のお知らせ
2025-10-29,18:15,9719,ＳＣＳＫ,賛同,プライム市場,情報・通信業,2025-10-29,4334.0,4.28,2.5,1.712,当社の親会社である住友商事の子会社SCインベストメンツ・マネジメントによる当社株券等に対する公開買付けに関する賛同の意見表明及び応募推奨のお知らせ
2025-10-30,13:15,1949,住友電設,賛同,プライム市場,建設業,2025-10-29,7620.0,2.15,1.4,1.536,大和ハウス工業株式会社による当社株式に対する公開買付けに関する賛同の意見表明及び応募推奨のお知らせ
2025-10-30,15:30,3655,ブレインパッド,賛同,プライム市場,情報・通信業,2025-10-30,1377.0,5.42,2.5,2.168,富士通株式会社による当社株式に対する公開買付けに関する賛同の意見表明および応募推奨ならびに経営統合契約の締結に関するお知らせ
2025-10-30,12:00,5191,住友理工,賛同,プライム市場,ゴム製品,2025-10-29,2156.0,0.92,1.0,0.92,支配株主である住友電気工業株式会社による当社株式に対する公開買付けに係る賛同の意見表明及び応募推奨に関するお知らせ
2025-10-31,18:00,4957,ヤスハラケミ,MBO,スタンダード市場,化学,2025-10-31,1143.0,0.47,0.8,0.587,ＭＢＯの実施及び応募の推奨に関するお知らせ
2025-10-31,16:30,7940,ウェーブロックＨＤ,賛同,スタンダード市場,化学,2025-10-31,713.0,0.36,0.8,0.45,WHD株式会社による当社株式に対する公開買付けに関する賛同の意見表明及び応募の推奨に関するお知らせ
2025-11-06,17:30,9287,Ｉ－ＪＩＦ,賛同,,,2025-11-06,53500.0,,,,MMパワー合同会社によるジャパン・インフラファンド投資法人（証券コード9287）投資口に対する公開買付けに関する賛同の意見表明及び応募推奨のお知らせ
2025-11-07,17:30,2374,セントケアＨＤ,MBO,プライム市場,サービス業,2025-11-07,820.0,1.15,1.9,0.605,ＭＢＯの実施及び応募の推奨に関するお知らせ
2025-11-10,15:30,7088,フォーラムエンジニア,賛同,プライム市場,サービス業,2025-11-10,1290.0,4.93,1.9,2.595,KJ003株式会社による当社株券等に対する公開買付けに関する賛同の意見表明及び応募推奨のお知らせ
2025-11-12,17:00,1841,サンユー建設,MBO,スタンダード市場,建設業,2025-11-12,1250.0,0.34,0.9,0.378,ＭＢＯの実施及び応募の推奨に関するお知らせ
2025-11-12,17:30,5596,Ｇ－アウトルック,賛同,グロース市場,情報・通信業,2025-11-12,1291.0,3.58,3.6,0.994,親会社であるマネーフォワードクラウド経営管理コンサルティング株式会社による 当社株券等に対する公開買付けに関する賛同の意見表明及び応募推奨のお知らせ
2025-11-12,15:37,7372,Ｇ－デコルテＨＤ,賛同,グロース市場,サービス業,2025-11-12,361.0,0.35,2.6,0.135,株式会社ＩＢＪによる当社株式に対する公開買付けに関する意見表明のお知らせ
2025-11-12,18:00,7455,パリミキＨＤ,MBO,スタンダード市場,小売業,2025-11-12,391.0,0.65,1.3,0.5,ＭＢＯの実施及び応募の推奨に関するお知らせ
2025-11-12,15:30,7635,杉田エース,MBO,スタンダード市場,卸売業,2025-11-12,1230.0,0.57,0.8,0.712,MBOの実施及び応募の推奨に関するお知らせ
2025-11-12,16:45,7718,スター精密,賛同,プライム市場,機械,2025-11-12,1712.0,0.79,1.6,0.494,ソルスティシア株式会社による当社株券等に対する公開買付けに関する意見表明のお知らせ
2025-11-13,17:30,4937,Ｇ－Ｗａｑｏｏ,賛同,グロース市場,化学,2025-11-13,1466.0,2.51,2.0,1.255,その他の関係会社であるSBCメディカルグループ株式会社による当社株式に対する公開買付けに関する意見表明のお知らせ
2025-11-13,16:30,9067,丸運,賛同,スタンダード市場,陸運業,2025-11-13,705.0,0.77,0.6,1.283,センコーグループホールディングス株式会社による当社株式に対する公開買付けの開始予定に関する賛同の意見表明及び応募推奨のお知らせ
2025-11-14,16:30,3961,Ｇ－シルバーエッグ,賛同,グロース市場,情報・通信業,2025-11-14,606.0,1.32,3.6,0.367,株式会社イルグルムによる当社株券等に対する 公開買付けに関する意見表明のお知らせ
2025-11-25,16:01,5250,プライムストラテジー,賛同,スタンダード市場,情報・通信業,2025-11-25,892.0,2.2,1.8,1.222,GMOインターネットグループ株式会社による当社株式に対する公開買付けに関する意見表明及び同社との資本業務提携契約に関するお知らせ
2025-11-28,15:30,7739,キヤノン電子,賛同,プライム市場,電気機器,2025-11-28,2756.0,0.89,2.0,0.445,支配株主であるキヤノン株式会社による当社株式に対する公開買付けに関する賛同の意見表明及び応募推奨のお知らせ
2025-12-01,16:00,7092,ＦＦＪ,MBO,プライム市場,サービス業,2025-12-01,2183.0,2.72,1.9,1.432,ＭＢＯの実施及び応募の推奨に関するお知らせ
2025-12-09,18:00,4347,ブロードメディア,賛同,スタンダード市場,サービス業,2025-12-09,1699.0,2.53,1.3,1.946,エーブイアイ・ジャパン・オポチュニティ・トラスト・ピーエルシーによる当社株券に対する公開買付けの開始に関するお知らせ
2025-12-11,16:45,4384,ラクスル,MBO,プライム市場,情報・通信業,2025-12-11,1226.0,3.55,2.5,1.42,MBOの実施及び応募の推奨に関するお知らせ
2025-12-15,18:30,3902,ＭＤＶ,賛同,プライム市場,情報・通信業,2025-12-15,542.0,6.67,2.5,2.668,日本生命保険相互会社による当社株券等に対する公開買付けに関する賛同の意見表明及び応募推奨並びに会社分割による子会社への事業承継等に関するお知らせ
2025-12-15,16:00,7317,Ｇ－松屋Ｒ＆Ｄ,賛同,グロース市場,輸送用機器,2025-12-15,904.0,2.61,5.4,0.483,オムロンヘルスケア株式会社による当社株式等に対する公開買付けの開始予定に関する賛同の意見表明及び応募推奨のお知らせ
2025-12-17,21:00,3593,ホギメディ,賛同,プライム市場,繊維製品,2025-12-17,6560.0,1.9,1.2,1.583,TCG2509株式会社による当社株式に対する公開買付けに関する賛同の意見表明及び応募推奨のお知らせ
2025-12-18,15:30,6734,ニューテック,賛同,スタンダード市場,電気機器,2025-12-18,1797.0,1.22,1.0,1.22,サクサ株式会社による当社株式に対する公開買付けに関する賛同の意見表明及び応募推奨のお知らせ
2025-12-19,15:30,6901,沢藤電,賛同,スタンダード市場,電気機器,2025-12-19,1003.0,0.35,1.0,0.35,ARTS-４株式会社による当社株式に対する公開買付けに関する賛同の意見表明及び応募推奨のお知らせ
2025-12-22,15:40,7923,トーイン,賛同,スタンダード市場,その他製品,2025-12-22,870.0,0.39,0.6,0.65,ＣＳＲＩ５号株式会社による当社普通株式に対する公開買付けに係る賛同の意見表明及び応募の推奨に関するお知らせ
2025-12-25,17:00,3541,Ｇ－農業総合研究所,賛同,グロース市場,卸売業,2025-12-25,514.0,12.74,3.3,3.861,ＳＯＭＰＯホールディングス株式会社の完全子会社による当社株券等に対する公開買付けに関する賛同の意見表明及び応募推奨のお知らせ
2026-01-06,16:15,2972,Ｒ－サンケイＲＥ,賛同,,,2026-01-06,103400.0,,,,Tiger LPS及びLion LPSによるサンケイリアルエステート投資法人（証券コード：2972）投資口に対する公開買付けに関する賛同の意見表明及び応募推奨のお知らせ
2026-01-06,23:00,4530,久光薬,MBO,プライム市場,医薬品,2026-01-06,5200.0,1.26,1.4,0.9,ＭＢＯの実施及び応募の推奨に関するお知らせ
2026-01-08,15:30,7450,サンデー,賛同,スタンダード市場,小売業,2026-01-08,1150.0,1.36,1.3,1.046,親会社であるイオン株式会社による当社株券等に対する公開買付けに関する賛同の意見表明及び応募推奨のお知らせ
2026-01-14,18:00,6201,豊田織,賛同,プライム市場,輸送用機器,2026-01-14,18025.0,0.8,1.0,0.8,トヨタ不動産株式会社による当社株式に対する公開買付けに関する賛同及び応募推奨の意見表明のお知らせ
2026-01-23,23:30,202A,Ｇ－豆蔵,賛同,グロース市場,情報・通信業,2026-01-23,4020.0,20.49,3.4,6.026,Roodhalsgans１株式会社による当社株券等に対する公開買付けに関する賛同及び応募中立の意見表明のお知らせ
2026-01-30,19:30,4690,日パレット,賛同,スタンダード市場,サービス業,2026-01-30,2000.0,0.48,1.3,0.369,日本パレットレンタル株式会社による当社株券等に対する公開買付けに関する賛同の意見表明及び応募推奨のお知らせ
2026-02-03,17:30,7922,三光産業,MBO,スタンダード市場,その他製品,2026-02-03,433.0,0.37,0.6,0.617,MBOの実施及び応募の推奨に関するお知らせ
2026-02-04,18:00,1726,Ｂｒ．ＨＤ,賛同,プライム市場,建設業,2026-02-04,357.0,0.97,1.6,0.606,株式会社横河ブリッジホールディングスによる当社株券等に対する公開買付けに関する賛同の意見表明及び応募推奨のお知らせ
2026-02-04,18:00,7999,ＭＵＴＯＨ－ＨＤ,賛同,スタンダード市場,電気機器,2026-02-04,2980.0,0.41,1.0,0.41,ブラザー工業株式会社による当社株式に対する公開買付けに関する賛同の意見表明及び応募推奨のお知らせ
2026-02-05,22:00,6403,水道機工,賛同,スタンダード市場,機械,2026-02-05,3870.0,1.41,0.9,1.567,メタウォーター株式会社による当社株式に対する公開買付けに関する意見表明並びに同社及び東レ株式会社との資本業務提携に関するお知らせ
2026-02-05,22:30,6670,ＭＣＪ,MBO,スタンダード市場,電気機器,2026-02-05,1538.0,1.44,1.0,1.44,ＭＢＯの実施に関する賛同の意見表明及び応募の推奨に関するお知らせ
2026-02-06,19:00,4556,カイノス,賛同,スタンダード市場,医薬品,2026-02-06,1304.0,0.79,0.8,0.988,Flowers株式会社による当社株式に対する公開買付けに関する賛同の意見表明及び応募推奨のお知らせ
2026-02-12,17:30,1888,若築建,賛同,プライム市場,建設業,2026-02-12,5300.0,1.25,1.6,0.781,ＡＣＶＥホールディングス合同会社による当社株式に対する公開買付けに関する意見表明に関するお知らせ
2026-02-13,02:40,3546,アレンザＨＤ,賛同,プライム市場,小売業,2026-02-12,1212.0,1.13,1.9,0.595,コーナン商事株式会社による当社株券等に対する公開買付けに関する賛同の意見表明及び応募推奨並びに資本業務提携契約の締結に関するお知らせ
2026-02-13,19:15,4974,タカラバイオ,賛同,プライム市場,化学,2026-02-13,801.0,0.93,1.2,0.775,親会社である宝ホールディングス株式会社による当社株式に対する公開買付けに関する賛同の意見表明及び応募推奨のお知らせ
2026-02-13,22:00,9338,Ｇ－ＩＮＦＯＲＩＣＨ,MBO,グロース市場,サービス業,2026-02-13,2105.0,2.49,2.5,0.996,ＭＢＯの実施及び応募の推奨に関するお知らせ
2026-02-13,20:15,9927,ワットマン,MBO,スタンダード市場,小売業,2026-02-13,751.0,1.81,1.4,1.293,ＭＢＯの実施に関する賛同の意見表明及び応募の推奨に関するお知らせ
2026-02-19,17:30,4659,エイジス,賛同,スタンダード市場,サービス業,2026-02-19,4110.0,1.31,1.3,1.008,有限会社斉藤ホールディングスによる当社株式に対する公開買付けに関する賛同の意見表明及び応募推奨のお知らせ
2026-02-25,03:00,2540,養命酒,賛同,プライム市場,食料品,2026-02-24,4595.0,1.37,1.3,1.054,株式会社レノによる当社株式に対する公開買付けに関する賛同及び応募中立の意見表明のお知らせ
2026-02-25,15:30,2692,伊藤忠食,賛同,プライム市場,卸売業,2026-02-25,12550.0,1.26,1.2,1.05,親会社である伊藤忠商事株式会社の子会社である合同会社FMDIによる当社株式に対する公開買付けに関する賛同の意見表明及び応募推奨のお知らせ
2026-02-25,17:25,8934,サンフロンティア,賛同,プライム市場,不動産業,2026-02-25,2741.0,1.11,1.7,0.653,伊藤忠商事株式会社の完全子会社であるSI株式会社による当社株式に対する公開買付けに関する意見表明のお知らせ
2026-03-03,15:45,4834,キャリアバンク,賛同,,,2026-03-03,1196.0,1.06,,,株式会社北洋銀行による当社株式に対する公開買付けに関する賛同の意見表明及び応募推奨のお知らせ
2026-03-09,15:40,1776,三住道路,賛同,スタンダード市場,建設業,2026-03-09,1592.0,1.08,1.1,0.982,親会社である三井住友建設株式会社による当社株式に対する公開買付けに関する賛同の意見表明及び応募推奨のお知らせ
2026-03-24,19:00,6197,ソラスト,MBO,プライム市場,サービス業,2026-03-24,954.0,3.68,1.9,1.937,MBOの実施の一環としてのMP-2605株式会社による株式会社ソラスト（証券コード：6197）の普通株式に対する公開買付けの開始に関するお知らせ
2026-03-31,16:00,3294,イーグランド,賛同,スタンダード市場,不動産業,2026-03-31,1916.0,0.92,1.0,0.92,株式会社西武不動産による当社株券等に対する公開買付けに関する賛同の意見表明及び応募推奨のお知らせ
2026-03-31,23:55,4626,太陽ＨＤ,賛同,プライム市場,化学,2026-03-31,4984.0,4.79,1.4,3.421,KJ005株式会社による当社株式に対する公開買付けの開始予定に関する賛同及び応募中立の意見表明のお知らせ
2026-04-06,16:35,3271,グロバル社,賛同,スタンダード市場,不動産業,2026-04-06,1005.0,2.72,0.9,3.022,大東建託株式会社による当社株式に対する公開買付けに関する賛同の意見表明及び応募の推奨のお知らせ
2026-04-07,10:45,7501,ティムコ,賛同,スタンダード市場,卸売業,2026-04-06,1857.0,1.07,0.8,1.337,堅果シナジー投資事業有限責任組合による当社株式に対する公開買付けの開始に関するお知らせ
2026-04-24,19:00,184A,Ｇ－学びエイド,賛同,グロース市場,情報・通信業,2026-04-24,341.0,2.17,2.9,0.748,ＮＯＶＡホールディングス株式会社による当社株式に対する公開買付けに関する意見表明のお知らせ
2026-04-28,16:45,5903,ＳＨＩＮＰＯ,MBO,スタンダード市場,金属製品,2026-04-28,1214.0,0.94,0.6,1.567,ＭＢＯの実施及び応募の推奨に関するお知らせ
2026-05-11,21:00,7490,日新商,MBO,スタンダード市場,卸売業,2026-05-11,1375.0,0.35,0.8,0.437,ＭＢＯの実施及び応募の推奨に関するお知らせ
2026-05-11,16:30,8283,ＰＡＬＴＡＣ,賛同,プライム市場,卸売業,2026-05-11,4645.0,0.94,1.3,0.723,当社親会社である株式会社メディパルホールディングスによる当社株式に対する公開買付けに関する賛同の意見表明及び応募推奨のお知らせ
2026-05-12,18:00,2371,カカクコム,賛同,プライム市場,サービス業,2026-05-12,2925.0,8.93,1.8,4.961,Kamgras １株式会社による当社株券等に対する 公開買付けに関する賛同の意見表明及び応募推奨のお知らせ
2026-05-12,20:30,7183,あんしん保証,賛同,スタンダード市場,その他金融業,2026-05-12,186.0,1.29,1.2,1.075,その他の関係会社の親会社であるムニノバホールディングス株式会社による当社株式等に対する公開買付けに関する賛同の意見表明及び応募推奨のお知らせ
2026-05-13,19:15,1909,日本ドライケミカル,賛同,スタンダード市場,機械,2026-05-13,3025.0,2.51,1.0,2.51,ＴＣＧ2511株式会社による当社株式に対する公開買付けに関する意見表明及び応募推奨に関するお知らせ
2026-05-13,16:45,2180,サニーサイドアップ,賛同,スタンダード市場,サービス業,2026-05-13,1047.0,4.14,1.3,3.185,株式会社アカツキによる当社との経営統合に向けた当社株券等に対する公開買付けに関する賛同の意見表明及び応募推奨のお知らせ
2026-05-14,19:30,5644,メタルアート,賛同,スタンダード市場,鉄鋼,2026-05-14,5480.0,0.6,0.5,1.2,Gerbera holdings株式会社による当社株式に対する公開買い付けに関する賛同の意見表明及び応募推奨のお知らせ
2026-05-14,19:00,9691,両毛システム,賛同,スタンダード市場,情報・通信業,2026-05-14,4270.0,0.91,1.6,0.569,支配株主である株式会社ミツバ及び中部電力株式会社による当社株式に対する公開買付に関する賛同の意見表明及び応募推奨並びに資本業務提携に関するお知らせ
2026-05-15,19:00,5484,東北鋼,賛同,スタンダード市場,鉄鋼,2026-05-15,2414.0,0.6,0.5,1.2,その他の関係会社である大同特殊鋼株式会社による当社株式に対する公開買付けに関する賛同の意見表明及び応募推奨のお知らせ
2026-05-15,16:00,7082,Ｇ－ジモティー,賛同,グロース市場,サービス業,2026-05-15,880.0,4.45,2.2,2.023,カルチュア・コンビニエンス・クラブ株式会社による当社株券等に対する公開買付けに関する賛同の意見表明及び応募推奨のお知らせ
2026-05-15,15:35,8141,新光商,賛同,プライム市場,卸売業,2026-05-15,1525.0,0.81,1.3,0.623,加賀電子株式会社による当社株式に対する公開買付けに関する意見表明に関するお知らせ
2026-05-15,15:30,8836,ＲＩＳＥ,賛同,スタンダード市場,不動産業,2026-05-15,29.0,1.99,1.0,1.99,JTMホールディング株による当社株式に対する公開買付けに関する賛同及び応募中立の意見表明、連結子会社の異動を伴う株式譲渡及び優先株式に係る剰余金の配当
2026-05-20,16:45,4171,グローバルＩ,賛同,スタンダード市場,情報・通信業,2026-05-20,1244.0,1.44,1.6,0.9,株式会社ユーザベースによる当社株券等に対する公開買付けに関する賛同の意見表明及び応募推奨のお知らせ
2026-05-25,16:30,1948,弘電社,賛同,スタンダード市場,建設業,2026-05-25,7650.0,2.7,1.0,2.7,株式会社きんでんによる当社株式に対する公開買付けに関する賛同の意見表明及び応募推奨のお知らせ
2026-05-28,17:30,4800,オリコン,MBO,スタンダード市場,情報・通信業,2026-05-28,1161.0,2.65,1.6,1.656,ＭＢＯの実施及び応募の推奨に関するお知らせ
2026-05-29,20:30,2162,ｎｍｓ　ＨＤ,賛同,スタンダード市場,サービス業,2026-05-29,391.0,1.46,1.3,1.123,その他の関係会社である株式会社ワールドホールディングスによる当社株式に対する公開買付けに関する賛同及び応募中立の意見表明に関するお知らせ
2026-06-01,17:30,7426,山大,賛同,スタンダード市場,卸売業,2026-06-01,500.0,0.32,0.8,0.4,ナイス株式会社による当社株式に対する公開買付けに関する賛同の意見表明及び応募推奨のお知らせ
2026-06-12,19:30,3480,ジェイ・エス・ビー,賛同,プライム市場,不動産業,2026-06-12,6930.0,3.17,1.6,1.981,Ｕｒｓａ ４株式会社による当社株券等に対する公開買付けに関する意見表明のお知らせ
2026-06-19,17:30,3544,サツドラＨＤ,MBO,スタンダード市場,小売業,2026-06-19,813.0,1.13,1.4,0.807,ＭＢＯの実施及び応募の推奨に関するお知らせ
2026-06-19,20:00,6897,ツインバード,賛同,スタンダード市場,電気機器,2026-06-19,391.0,0.63,1.4,0.45,株式会社ジャパネットホールディングスによる当社株式に対する公開買付けの開始予定に関するお知らせ
2026-07-08,18:30,2997,Ｇ－ストレージ王,賛同,グロース市場,不動産業,2026-07-08,949.0,1.64,2.0,0.82,エリアリンク株式会社による当社株券等に対する公開買付けに関する賛同の意見表明及び応募推奨のお知らせ
2026-07-10,17:40,7523,アールビバン,MBO,スタンダード市場,小売業,2026-07-10,1794.0,1.01,1.3,0.777,ＭＢＯの実施及び応募の推奨に関するお知らせ
2026-07-29,17:30,4722,フューチャー,MBO,プライム市場,情報・通信業,2026-07-29,2382.0,3.18,1.9,1.674,ＭＢＯの実施及び応募の推奨に関するお知らせ
2026-07-31,16:00,9110,ユナイテド海,賛同,プライム市場,海運業,2026-07-31,8040.0,1.0,0.7,1.429,その他の関係会社である日本郵船株式会社による当社株式に対する公開買付けの開始予定に関する賛同の表明及び応募推奨のお知らせ
2026-08-03,18:00,3276,ＪＰＭＣ,MBO,プライム市場,不動産業,2026-08-03,1822.0,3.11,1.6,1.944,ＭＢＯの実施及び応募の推奨に関するお知らせ
2026-08-05,20:00,4320,ＣＥＨＤ,賛同,スタンダード市場,情報・通信業,2026-08-05,1721.0,3.52,1.6,2.2,SK-03株式会社による当社株式に対する公開買付けに関する賛同及び応募中立の意見表明に関するお知らせ
2026-08-06,16:00,3676,デジハＨＤ,MBO,プライム市場,情報・通信業,2026-08-06,753.0,1.7,2.0,0.85,MBOの実施及び応募の推奨のお知らせ
2026-08-13,19:00,7462,ＣＡＰＩＴＡ,賛同,スタンダード市場,小売業,2026-08-13,403.0,1.82,1.3,1.4,株式会社桃の木による当社株式に対する公開買付けに関する意見表明のお知らせ
2026-08-19,08:00,4413,ボードルア,MBO,プライム市場,情報・通信業,2026-08-18,2942.0,11.37,2.0,5.685,MBOの実施及び応募の推奨に関するお知らせ
2026-08-26,18:30,7743,シード,賛同,スタンダード市場,精密機器,2026-08-26,535.0,0.85,1.4,0.607,ラックスシェア・プレシジョン・ケイマン・リミテッドによる当社株式に対する公開買付けに関する賛同の意見表明及び応募推奨に関するお知らせ
2026-08-28,22:30,4477,Ｇ－ＢＡＳＥ,賛同,グロース市場,情報・通信業,2026-08-28,316.0,2.46,3.0,0.82,SBINM合同会社による当社株式に対する公開買付けに関する賛同及び応募中立の意見表明及びSBIHD株式会社との資本業務提携契約の締結に関するお知らせ
2026-08-28,16:00,4812,電通総研,賛同,プライム市場,情報・通信業,2026-08-28,2908.0,5.39,2.0,2.695,合同会社VICによる当社株式に対する公開買付けの開始予定に関する賛同の意見表明及び応募推奨に関するお知らせ
2026-09-01,20:45,4420,イーソル,MBO,スタンダード市場,情報・通信業,2026-09-01,910.0,2.92,1.7,1.718,ＭＢＯの実施及び応募の推奨に関するお知らせ
2026-09-08,17:15,7475,アルビス,賛同,プライム市場,小売業,2026-09-08,2500.0,0.63,2.0,0.315,株式会社ライフコーポレーションによる当社株式に対する 公開買付けに関する賛同の意見表明及び応募推奨のお知らせ
2026-09-09,20:00,3989,Ｇ－シェアリングＴ,賛同,グロース市場,情報・通信業,2026-09-09,1465.0,6.21,3.3,1.882,MP-2606株式会社による当社株券等に対する公開買付けに関する賛同及び応募推奨の意見表明のお知らせ
2026-09-14,23:45,2612,かどや製油,賛同,スタンダード市場,食料品,2026-09-14,2419.0,1.8,1.2,1.5,株式会社ITG-Gホールディングスによる当社株式に対する公開買付けに関する賛同の意見表明及び応募推奨のお知らせ
2026-09-14,20:00,8848,レオパレス２１,賛同,プライム市場,不動産業,2026-09-14,691.0,4.56,1.6,2.85,株式会社K891による当社株券等に対する公開買付けに関する賛同の意見表明及び応募推奨並びに特定子会社の異動を伴う株式譲渡に関するお知らせ
2026-09-17,16:00,6977,日抵抗器,賛同,スタンダード市場,電気機器,2026-09-17,1275.0,,,,株式会社フェローテックによる当社株式に対する公開買付けに関する賛同の表明及び応募推奨のお知らせ
